I01_01_1.bmp,0.13013,5.51429
i01_01_2.bmp,0.16008,5.56757
i01_01_3.bmp,0.15186,4.94444
i01_01_4.bmp,0.11046,4.37838
i01_01_5.bmp,0.10229,3.86486
i01_02_1.bmp,0.16896,6.02857
i01_02_2.bmp,0.17001,6.10811
i01_02_3.bmp,0.16795,5.38889
i01_02_4.bmp,0.10358,4.71429
i01_02_5.bmp,0.13695,4.36111
i01_03_1.bmp,0.12832,4.77143
i01_03_2.bmp,0.13594,4.27027
i01_03_3.bmp,0.10719,3.7027
i01_03_4.bmp,0.09477,3.19444
i01_03_5.bmp,0.09537,2.71429
i01_04_1.bmp,0.13694,5.97143
i01_04_2.bmp,0.15946,5.75676
i01_04_3.bmp,0.17368,5.27027
i01_04_4.bmp,0.16398,5.24324
i01_04_5.bmp,0.13138,4.71429
i01_05_1.bmp,0.15934,5.91892
i01_05_2.bmp,0.17036,5.7027
i01_05_3.bmp,0.13249,5.08333
i01_05_4.bmp,0.09744,4.13889
i01_05_5.bmp,0.09744,3.13889
i01_06_1.bmp,0.11467,4
i01_06_2.bmp,0.16566,3.89189
i01_06_3.bmp,0.10571,3.72973
i01_06_4.bmp,0.08448,3.48571
i01_06_5.bmp,0.11072,2.94444
i01_07_1.bmp,0.15404,5.08333
i01_07_2.bmp,0.13249,4.75
i01_07_3.bmp,0.11111,4
i01_07_4.bmp,0.11188,3.22222
i01_07_5.bmp,0.11666,2.19444
i01_08_1.bmp,0.13151,5.18919
i01_08_2.bmp,0.13314,4.47222
i01_08_3.bmp,0.11856,3.48649
i01_08_4.bmp,0.09035,3
i01_08_5.bmp,0.10956,2.11111
i01_09_1.bmp,0.18162,6.08333
i01_09_2.bmp,0.15466,5.16667
i01_09_3.bmp,0.12313,4.42857
i01_09_4.bmp,0.10701,2.81081
i01_09_5.bmp,0.11205,1.54054
i01_10_1.bmp,0.15519,5.97297
i01_10_2.bmp,0.16192,5.94595
i01_10_3.bmp,0.15404,4.91667
i01_10_4.bmp,0.10902,3.21622
i01_10_5.bmp,0.15934,2.08108
I01_11_1.BMP,0.16349,5.91429
i01_11_2.bmp,0.14329,5.67568
i01_11_3.bmp,0.12922,4.69444
i01_11_4.bmp,0.10847,3.67568
i01_11_5.bmp,0.11839,1.45946
i01_12_1.bmp,0.15734,5.94595
i01_12_2.bmp,0.16732,5.86486
i01_12_3.bmp,0.13315,4.21622
i01_12_4.bmp,0.13889,3.83333
i01_12_5.bmp,0.11806,3.43243
I01_13_1.BMP,0.13565,5.45946
i01_13_2.bmp,0.09365,3.91429
i01_13_3.bmp,0.09305,3.27778
i01_13_4.bmp,0.11453,3.16667
i01_13_5.bmp,0.09955,3.10811
i01_14_1.bmp,0.12922,5.69444
i01_14_2.bmp,0.14777,6.05405
i01_14_3.bmp,0.12908,5.75676
i01_14_4.bmp,0.1329,5.55556
i01_14_5.bmp,0.1264,4.47059
i01_15_1.bmp,0.12729,2.83333
i01_15_2.bmp,0.12445,2.82857
i01_15_3.bmp,0.15659,3.10811
i01_15_4.bmp,0.13249,3.58333
i01_15_5.bmp,0.15185,3.89189
i01_16_1.bmp,0.14604,5.80556
i01_16_2.bmp,0.21263,6.05405
i01_16_3.bmp,0.12897,4.88889
i01_16_4.bmp,0.14952,5.02778
i01_16_5.bmp,0.11666,4.19444
i01_17_1.bmp,0.16755,5.35135
i01_17_2.bmp,0.22402,6.62162
i01_17_3.bmp,0.11705,4.08108
i01_17_4.bmp,0.25182,6.24324
i01_17_5.bmp,0.11055,2.97143
i01_18_1.bmp,0.14976,4.62162
i01_18_2.bmp,0.15271,4.22222
i01_18_3.bmp,0.12832,3.77143
i01_18_4.bmp,0.13881,3.47222
i01_18_5.bmp,0.14367,3.41667
i01_19_1.bmp,0.17098,5.94444
i01_19_2.bmp,0.10748,5.47222
i01_19_3.bmp,0.14493,5.08108
i01_19_4.bmp,0.12721,4.52778
i01_19_5.bmp,0.11072,3.94444
i01_20_1.bmp,0.14648,5.85714
i01_20_2.bmp,0.13889,5.83333
i01_20_3.bmp,0.12099,6.02778
i01_20_4.bmp,0.09919,5.08333
i01_20_5.bmp,0.12423,4.33333
i01_21_1.bmp,0.16601,5.7027
i01_21_2.bmp,0.10101,5.27778
i01_21_3.bmp,0.12119,4.67568
i01_21_4.bmp,0.13964,4.05714
i01_21_5.bmp,0.11432,3.05405
i01_22_1.bmp,0.1329,5.55556
i01_22_2.bmp,0.14218,5.18919
i01_22_3.bmp,0.10985,4.30556
i01_22_4.bmp,0.10477,3.16216
i01_22_5.bmp,0.10259,2.19444
i01_23_1.bmp,0.13138,6.28571
i01_23_2.bmp,0.14314,5.61111
i01_23_3.bmp,0.13095,5.77778
i01_23_4.bmp,0.1231,4.80556
i01_23_5.bmp,0.12361,2.40541
i01_24_1.bmp,0.16601,5.7027
i01_24_2.bmp,0.15404,5.58333
i01_24_3.bmp,0.14696,5.10811
i01_24_4.bmp,0.10382,3.08108
i01_24_5.bmp,0.11839,0.45946
I02_01_1.bmp,0.12995,5.74286
i02_01_2.bmp,0.13366,5.34286
i02_01_3.bmp,0.11858,5.22222
i02_01_4.bmp,0.09477,4.19444
i02_01_5.bmp,0.11135,3.97297
i02_02_1.bmp,0.16641,6.05556
i02_02_2.bmp,0.15263,6.05405
i02_02_3.bmp,0.12897,5.88889
i02_02_4.bmp,0.10719,5.2973
i02_02_5.bmp,0.11966,4.38889
i02_03_1.bmp,0.11285,4.8
i02_03_2.bmp,0.13535,4.43243
i02_03_3.bmp,0.09755,3.83784
i02_03_4.bmp,0.0832,3.52778
i02_03_5.bmp,0.09653,2.91892
i02_04_1.bmp,0.15424,6.28571
i02_04_2.bmp,0.13521,6.16216
i02_04_3.bmp,0.14065,5.19444
i02_04_4.bmp,0.11671,4.74286
i02_04_5.bmp,0.12501,4.28571
i02_05_1.bmp,0.14861,6.11765
i02_05_2.bmp,0.12284,6.11111
i02_05_3.bmp,0.11806,5.43243
i02_05_4.bmp,0.12297,4.37838
i02_05_5.bmp,0.08217,3.41667
i02_06_1.bmp,0.12696,4.55556
i02_06_2.bmp,0.10838,4.27778
i02_06_3.bmp,0.11241,3.72973
i02_06_4.bmp,0.08448,3.48571
i02_06_5.bmp,0.0836,3.10811
i02_07_1.bmp,0.11691,5.91429
i02_07_2.bmp,0.13249,5.58333
i02_07_3.bmp,0.10238,3.76471
i02_07_4.bmp,0.10401,3.75676
i02_07_5.bmp,0.10799,2.85714
i02_08_1.bmp,0.1419,6.10811
i02_08_2.bmp,0.11453,5.16667
i02_08_3.bmp,0.0842,4.54286
i02_08_4.bmp,0.10477,3.83784
i02_08_5.bmp,0.09735,3.02703
i02_09_1.bmp,0.15649,6
i02_09_2.bmp,0.14212,5.51429
i02_09_3.bmp,0.12721,4.52778
i02_09_4.bmp,0.10956,3.64865
i02_09_5.bmp,0.08217,2.41667
i02_10_1.bmp,0.18331,6
i02_10_2.bmp,0.13314,5.97222
i02_10_3.bmp,0.14065,5.43243
i02_10_4.bmp,0.11453,3.5
i02_10_5.bmp,0.08639,2.71429
I02_11_1.BMP,0.16375,5.91667
i02_11_2.bmp,0.10259,4.80556
i02_11_3.bmp,0.09735,2.97297
i02_11_4.bmp,0.08864,1.91892
i02_11_5.bmp,0.10838,1.27778
i02_12_1.bmp,0.13506,5.30556
i02_12_2.bmp,0.12985,4.43243
i02_12_3.bmp,0.09653,3.08108
i02_12_4.bmp,0.11501,2.67568
i02_12_5.bmp,0.09112,2.37143
I02_13_1.BMP,0.0832,4.47222
i02_13_2.bmp,0.10393,4
i02_13_3.bmp,0.09843,3.38889
i02_13_4.bmp,0.09192,2.89189
i02_13_5.bmp,0.08125,3.61111
i02_14_1.bmp,0.15897,5.75
i02_14_2.bmp,0.14989,6.08108
i02_14_3.bmp,0.13863,5.11429
i02_14_4.bmp,0.12631,5.31429
i02_14_5.bmp,0.15822,4.21622
i02_15_1.bmp,0.09214,3.4
i02_15_2.bmp,0.11688,3.62162
i02_15_3.bmp,0.10758,3.83333
i02_15_4.bmp,0.10477,3.83784
i02_15_5.bmp,0.10537,4.2
i02_16_1.bmp,0.16637,5.94595
i02_16_2.bmp,0.14367,6.08333
i02_16_3.bmp,0.20602,5.32432
i02_16_4.bmp,0.1627,5.13889
i02_16_5.bmp,0.14065,4.56757
i02_17_1.bmp,0.12028,5.91667
i02_17_2.bmp,0.17506,5.68571
i02_17_3.bmp,0.12969,4.83784
i02_17_4.bmp,0.16206,4.77143
i02_17_5.bmp,0.10668,3.91667
i02_18_1.bmp,0.14426,5.97222
i02_18_2.bmp,0.18114,5.59459
i02_18_3.bmp,0.15901,4.82857
i02_18_4.bmp,0.14989,4.91892
i02_18_5.bmp,0.11671,4.54286
i02_19_1.bmp,0.13095,5.77778
i02_19_2.bmp,0.1117,5.43243
i02_19_3.bmp,0.15466,4.83333
i02_19_4.bmp,0.09711,4.22222
i02_19_5.bmp,0.08886,3.75676
i02_20_1.bmp,0.15734,6.05405
i02_20_2.bmp,0.16406,6.17143
i02_20_3.bmp,0.13506,5.30556
i02_20_4.bmp,0.09035,4
i02_20_5.bmp,0.10259,2.80556
i02_21_1.bmp,0.173,5.97297
i02_21_2.bmp,0.12599,5.2973
i02_21_3.bmp,0.12256,4.6
i02_21_4.bmp,0.07465,3.27778
i02_21_5.bmp,0.08005,2.36111
i02_22_1.bmp,0.15107,5.51351
i02_22_2.bmp,0.15002,5.24324
i02_22_3.bmp,0.08448,4.48571
i02_22_4.bmp,0.09477,3.80556
i02_22_5.bmp,0.08881,2.22222
i02_23_1.bmp,0.15768,6.77778
i02_23_2.bmp,0.11839,5.54054
i02_23_3.bmp,0.09973,3.44444
i02_23_4.bmp,0.08975,2.16216
i02_23_5.bmp,0.11988,0.81081
i02_24_1.bmp,0.18081,6.08108
i02_24_2.bmp,0.11369,4.91667
i02_24_3.bmp,0.09623,3
i02_24_4.bmp,0.10227,2.11111
i02_24_5.bmp,0.12552,0.89189
I03_01_1.bmp,0.09905,5.76923
i03_01_2.bmp,0.08145,5.10526
i03_01_3.bmp,0.10595,4.68421
i03_01_4.bmp,0.09843,4.25
i03_01_5.bmp,0.10833,3.925
i03_02_1.bmp,0.12814,6.18421
i03_02_2.bmp,0.09559,6.28205
i03_02_3.bmp,0.10458,5.25
i03_02_4.bmp,0.1,5
i03_02_5.bmp,0.12145,4.6
i03_03_1.bmp,0.11484,4.65
i03_03_2.bmp,0.105,4.07692
i03_03_3.bmp,0.10338,3.85
i03_03_4.bmp,0.07206,3.28205
i03_03_5.bmp,0.09697,2.89474
i03_04_1.bmp,0.14329,6.38462
i03_04_2.bmp,0.10707,5.65789
i03_04_3.bmp,0.12984,5.225
i03_04_4.bmp,0.11068,4.6
i03_04_5.bmp,0.09929,3.575
i03_05_1.bmp,0.15,6.5
i03_05_2.bmp,0.12577,5.63158
i03_05_3.bmp,0.10124,5.3
i03_05_4.bmp,0.09699,4.30769
i03_05_5.bmp,0.081,3.47368
i03_06_1.bmp,0.11683,4.81579
i03_06_2.bmp,0.12997,4.53846
i03_06_3.bmp,0.10488,4.1
i03_06_4.bmp,0.09843,3.75
i03_06_5.bmp,0.11726,3.5
i03_07_1.bmp,0.11169,4.97436
i03_07_2.bmp,0.10488,4.1
i03_07_3.bmp,0.09272,3.84615
i03_07_4.bmp,0.09279,3.825
i03_07_5.bmp,0.0779,3.61538
i03_08_1.bmp,0.1193,6.34211
i03_08_2.bmp,0.11068,5.6
i03_08_3.bmp,0.081,4.47368
i03_08_4.bmp,0.12119,3.75
i03_08_5.bmp,0.09321,2.95
i03_09_1.bmp,0.13486,6.65
i03_09_2.bmp,0.12932,6.25641
i03_09_3.bmp,0.13687,5.475
i03_09_4.bmp,0.11304,3.74359
i03_09_5.bmp,0.081,2.47368
i03_10_1.bmp,0.15087,6.23684
i03_10_2.bmp,0.13241,5.66667
i03_10_3.bmp,0.11999,5.05128
i03_10_4.bmp,0.09487,3.3
i03_10_5.bmp,0.08004,2.48718
I03_11_1.BMP,0.11423,5.36842
i03_11_2.bmp,0.105,4.07692
i03_11_3.bmp,0.08534,2.84615
i03_11_4.bmp,0.06145,1.82051
i03_11_5.bmp,0.09487,0.7
i03_12_1.bmp,0.14827,5.41026
i03_12_2.bmp,0.10774,4.07895
i03_12_3.bmp,0.10867,2.84211
i03_12_4.bmp,0.08515,3.1
i03_12_5.bmp,0.07746,2.4
I03_13_1.BMP,0.10987,5.12821
i03_13_2.bmp,0.07681,3.64103
i03_13_3.bmp,0.0961,3.925
i03_13_4.bmp,0.07406,2.925
i03_13_5.bmp,0.08009,2.42105
i03_14_1.bmp,0.12761,5.07692
i03_14_2.bmp,0.17678,6
i03_14_3.bmp,0.15227,4.85
i03_14_4.bmp,0.13972,4.46154
i03_14_5.bmp,0.11726,3.5
i03_15_1.bmp,0.12241,3.725
i03_15_2.bmp,0.15391,4.05
i03_15_3.bmp,0.14356,4.025
i03_15_4.bmp,0.15363,4.28205
i03_15_5.bmp,0.14586,4.79487
i03_16_1.bmp,0.12494,6.82051
i03_16_2.bmp,0.18023,6.525
i03_16_3.bmp,0.15607,5.975
i03_16_4.bmp,0.15161,6.075
i03_16_5.bmp,0.15164,5.02564
i03_17_1.bmp,0.13543,6.28205
i03_17_2.bmp,0.16489,6.75
i03_17_3.bmp,0.12349,5.2
i03_17_4.bmp,0.19965,6.575
i03_17_5.bmp,0.13164,3.79487
i03_18_1.bmp,0.1379,5.76923
i03_18_2.bmp,0.12535,5.71795
i03_18_3.bmp,0.12971,5.5641
i03_18_4.bmp,0.14044,5
i03_18_5.bmp,0.1304,4.65789
i03_19_1.bmp,0.10174,5.51282
i03_19_2.bmp,0.11743,5.02564
i03_19_3.bmp,0.10724,4.7
i03_19_4.bmp,0.10971,4.30769
i03_19_5.bmp,0.09699,3.69231
i03_20_1.bmp,0.12075,5.84211
i03_20_2.bmp,0.11942,5.46154
i03_20_3.bmp,0.09507,4.15789
i03_20_4.bmp,0.09506,3.17949
i03_20_5.bmp,0.1054,2.825
i03_21_1.bmp,0.0944,5.23684
i03_21_2.bmp,0.10754,4.4359
i03_21_3.bmp,0.10754,3.89744
i03_21_4.bmp,0.08004,3.17949
i03_21_5.bmp,0.07746,2.1
i03_22_1.bmp,0.10564,5.97436
i03_22_2.bmp,0.12814,5.35897
i03_22_3.bmp,0.10548,5.23077
i03_22_4.bmp,0.09236,4.35897
i03_22_5.bmp,0.10774,3.92105
i03_23_1.bmp,0.16196,6.71795
i03_23_2.bmp,0.12318,5.84615
i03_23_3.bmp,0.0922,3.9
i03_23_4.bmp,0.07696,2.65789
i03_23_5.bmp,0.08282,1.975
i03_24_1.bmp,0.10074,5.74359
i03_24_2.bmp,0.12124,4.20513
i03_24_3.bmp,0.11117,2.825
i03_24_4.bmp,0.082,1.81579
i03_24_5.bmp,0.08009,0.42105
I04_01_1.bmp,0.12051,5.7619
i04_01_2.bmp,0.10774,5.47619
i04_01_3.bmp,0.09155,4.92857
i04_01_4.bmp,0.09142,4.26829
i04_01_5.bmp,0.08909,4
i04_02_1.bmp,0.11719,6.275
i04_02_2.bmp,0.09956,6.15385
i04_02_3.bmp,0.1002,5.68293
i04_02_4.bmp,0.11899,5.30952
i04_02_5.bmp,0.07788,4.53659
i04_03_1.bmp,0.08802,4.78049
i04_03_2.bmp,0.08608,4.21429
i04_03_3.bmp,0.08515,3.9
i04_03_4.bmp,0.07816,3.425
i04_03_5.bmp,0.07133,3.02381
i04_04_1.bmp,0.10117,6.125
i04_04_2.bmp,0.1337,6.26829
i04_04_3.bmp,0.10926,6.15
i04_04_4.bmp,0.10774,5.47619
i04_04_5.bmp,0.11288,4.80952
i04_05_1.bmp,0.12366,6.30952
i04_05_2.bmp,0.11338,5.90244
i04_05_3.bmp,0.07406,5.325
i04_05_4.bmp,0.07706,4.47619
i04_05_5.bmp,0.09284,3.70732
i04_06_1.bmp,0.08577,5.02381
i04_06_2.bmp,0.12929,4.56098
i04_06_3.bmp,0.1068,4.2619
i04_06_4.bmp,0.12541,4.19512
i04_06_5.bmp,0.07866,3.45
i04_07_1.bmp,0.09214,4.69048
i04_07_2.bmp,0.10833,4.075
i04_07_3.bmp,0.10234,3.52381
i04_07_4.bmp,0.09265,3.14286
i04_07_5.bmp,0.08878,2.95238
i04_08_1.bmp,0.14478,6.30952
i04_08_2.bmp,0.11118,5.92683
i04_08_3.bmp,0.12118,5.38095
i04_08_4.bmp,0.07655,4.375
i04_08_5.bmp,0.11984,3.66667
i04_09_1.bmp,0.12118,6.38095
i04_09_2.bmp,0.10473,5.80488
i04_09_3.bmp,0.1032,5.04878
i04_09_4.bmp,0.07327,3.78049
i04_09_5.bmp,0.07906,2.5
i04_10_1.bmp,0.15206,6.07143
i04_10_2.bmp,0.13575,5.97561
i04_10_3.bmp,0.09155,5.07143
i04_10_4.bmp,0.08947,3.2619
i04_10_5.bmp,0.09664,2.19048
I04_11_1.BMP,0.12349,5.3
i04_11_2.bmp,0.10648,4
i04_11_3.bmp,0.08998,2.90244
i04_11_4.bmp,0,2
i04_11_5.bmp,0.09644,0.88095
i04_12_1.bmp,0.10577,6.05
i04_12_2.bmp,0.10001,4.64286
i04_12_3.bmp,0.10855,3.92857
i04_12_4.bmp,0.08116,2.90476
i04_12_5.bmp,0.07406,2.65854
I04_13_1.BMP,0.09913,4.66667
i04_13_2.bmp,0.05777,3.84615
i04_13_3.bmp,0.10001,3.35714
i04_13_4.bmp,0.07788,3.46341
i04_13_5.bmp,0.09495,2.38095
i04_14_1.bmp,0.12774,5.07143
i04_14_2.bmp,0.17516,6.40476
i04_14_3.bmp,0.10648,6
i04_14_4.bmp,0.11693,4.40476
i04_14_5.bmp,0.10841,3.60976
i04_15_1.bmp,0.11641,3.38095
i04_15_2.bmp,0.11693,3.40476
i04_15_3.bmp,0.14385,3.5
i04_15_4.bmp,0.08982,3.7561
i04_15_5.bmp,0.08844,4.05128
i04_16_1.bmp,0.12727,6.28571
i04_16_2.bmp,0.18694,6.64286
i04_16_3.bmp,0.17757,6.09524
i04_16_4.bmp,0.15526,5.66667
i04_16_5.bmp,0.14294,5.15385
i04_17_1.bmp,0.14677,6
i04_17_2.bmp,0.15673,6.66667
i04_17_3.bmp,0.11703,4.78049
i04_17_4.bmp,0.21701,7.21429
i04_17_5.bmp,0.08936,3.925
i04_18_1.bmp,0.12895,5.41463
i04_18_2.bmp,0.09439,5.02439
i04_18_3.bmp,0.11501,4.66667
i04_18_4.bmp,0.12958,4.2381
i04_18_5.bmp,0.11641,3.92683
i04_19_1.bmp,0.13129,5.45238
i04_19_2.bmp,0.11577,5.35714
i04_19_3.bmp,0.10801,4.90244
i04_19_4.bmp,0.07816,4.425
i04_19_5.bmp,0.10603,4.16667
i04_20_1.bmp,0.13554,6.45238
i04_20_2.bmp,0.09005,5.225
i04_20_3.bmp,0.09059,4.19048
i04_20_4.bmp,0.08386,3.11905
i04_20_5.bmp,0.0911,2.41463
i04_21_1.bmp,0.09485,5.14634
i04_21_2.bmp,0.07732,4.73171
i04_21_3.bmp,0.0841,3.80952
i04_21_4.bmp,0.06464,3.21951
i04_21_5.bmp,0,2
i04_22_1.bmp,0.10625,6.02439
i04_22_2.bmp,0.15259,5.78571
i04_22_3.bmp,0.10724,4.42857
i04_22_4.bmp,0.09252,4.12195
i04_22_5.bmp,0.11071,2.90476
i04_23_1.bmp,0.13175,6.425
i04_23_2.bmp,0.11693,5.40476
i04_23_3.bmp,0.11014,3.87805
i04_23_4.bmp,0.09726,2.95122
i04_23_5.bmp,0.10234,1.47619
i04_24_1.bmp,0.10755,5.54762
i04_24_2.bmp,0.09994,3.7619
i04_24_3.bmp,0.07694,2.58537
i04_24_4.bmp,0.07384,1.90476
i04_24_5.bmp,0.09741,0.58537
I05_01_1.bmp,0.13223,5.525
i05_01_2.bmp,0.13229,5.5
i05_01_3.bmp,0.09956,4.84615
i05_01_4.bmp,0.08844,4.05128
i05_01_5.bmp,0.1246,3.56098
i05_02_1.bmp,0.14997,5.82927
i05_02_2.bmp,0.16339,5.68293
i05_02_3.bmp,0.15964,5.325
i05_02_4.bmp,0.14555,5.09756
i05_02_5.bmp,0.09399,4.25641
i05_03_1.bmp,0.12816,5.09756
i05_03_2.bmp,0.1385,4.4878
i05_03_3.bmp,0.10833,3.675
i05_03_4.bmp,0.08719,3.07317
i05_03_5.bmp,0.11558,2.375
i05_04_1.bmp,0.16812,5.63415
i05_04_2.bmp,0.16105,5.75
i05_04_3.bmp,0.14529,5.575
i05_04_4.bmp,0.16682,4.92683
i05_04_5.bmp,0.11619,4.4
i05_05_1.bmp,0.14003,5.625
i05_05_2.bmp,0.18536,5.39024
i05_05_3.bmp,0.11292,4.7
i05_05_4.bmp,0.09005,3.81579
i05_05_5.bmp,0.07593,2.92308
i05_06_1.bmp,0.15284,4.375
i05_06_2.bmp,0.14223,3.92308
i05_06_3.bmp,0.12748,3.5
i05_06_4.bmp,0.11666,3.31707
i05_06_5.bmp,0.11393,2.51282
i05_07_1.bmp,0.15806,5.275
i05_07_2.bmp,0.13808,5.26829
i05_07_3.bmp,0.13493,4.53846
i05_07_4.bmp,0.11999,4.05128
i05_07_5.bmp,0.13162,3.14634
i05_08_1.bmp,0.14053,5.4
i05_08_2.bmp,0.10468,4.66667
i05_08_3.bmp,0.12725,3.65854
i05_08_4.bmp,0.10064,2.78049
i05_08_5.bmp,0.14031,1.25
i05_09_1.bmp,0.14953,5.825
i05_09_2.bmp,0.1219,5.825
i05_09_3.bmp,0.14743,5.325
i05_09_4.bmp,0.13229,3.5
i05_09_5.bmp,0.14119,1.36585
i05_10_1.bmp,0.16907,5.73171
i05_10_2.bmp,0.09272,5.15385
i05_10_3.bmp,0.16268,4.70732
i05_10_4.bmp,0.11465,3.43902
i05_10_5.bmp,0.15501,1.87805
I05_11_1.BMP,0.14545,5.7561
i05_11_2.bmp,0.17607,5.4
i05_11_3.bmp,0.14142,4.5
i05_11_4.bmp,0.11657,3.66667
i05_11_5.bmp,0.12119,2.25
i05_12_1.bmp,0.16699,5.68293
i05_12_2.bmp,0.16003,5.775
i05_12_3.bmp,0.13942,5.35
i05_12_4.bmp,0.14663,3.8
i05_12_5.bmp,0.13687,2.725
I05_13_1.BMP,0.11997,5.46341
i05_13_2.bmp,0.14958,4.90244
i05_13_3.bmp,0.09992,3.475
i05_13_4.bmp,0.10625,2.97561
i05_13_5.bmp,0.10842,1.97368
i05_14_1.bmp,0.14792,5.92683
i05_14_2.bmp,0.15843,5.53659
i05_14_3.bmp,0.16134,5.60976
i05_14_4.bmp,0.19522,5.225
i05_14_5.bmp,0.15971,4.31707
i05_15_1.bmp,0.16183,3.05
i05_15_2.bmp,0.14491,3.1
i05_15_3.bmp,0.16339,3.31707
i05_15_4.bmp,0.17248,3.9
i05_15_5.bmp,0.15186,3.84615
i05_16_1.bmp,0.16413,6.15
i05_16_2.bmp,0.14979,5.95
i05_16_3.bmp,0.18244,5.58537
i05_16_4.bmp,0.20349,5.09756
i05_16_5.bmp,0.17589,4.25
i05_17_1.bmp,0.1589,5.3
i05_17_2.bmp,0.20668,6.82927
i05_17_3.bmp,0.13914,4.025
i05_17_4.bmp,0.2391,6.56098
i05_17_5.bmp,0.14663,2.8
i05_18_1.bmp,0.15202,4.775
i05_18_2.bmp,0.13164,4.20513
i05_18_3.bmp,0.15264,3.74359
i05_18_4.bmp,0.13972,3.53846
i05_18_5.bmp,0.22514,3.15
i05_19_1.bmp,0.16158,5.175
i05_19_2.bmp,0.17662,4.80488
i05_19_3.bmp,0.1145,4.225
i05_19_4.bmp,0.11484,3.65
i05_19_5.bmp,0.11827,3.36585
i05_20_1.bmp,0.18395,5.68293
i05_20_2.bmp,0.17939,5.56098
i05_20_3.bmp,0.15613,5.02439
i05_20_4.bmp,0.12241,4.475
i05_20_5.bmp,0.09559,3.28205
i05_21_1.bmp,0.11619,5.6
i05_21_2.bmp,0.11931,4.925
i05_21_3.bmp,0.11312,4.36585
i05_21_4.bmp,0.10338,3.35
i05_21_5.bmp,0.09992,2.475
i05_22_1.bmp,0.15806,5.275
i05_22_2.bmp,0.14895,5.25
i05_22_3.bmp,0.13261,4.7561
i05_22_4.bmp,0.11619,4.1
i05_22_5.bmp,0.1239,3.17073
i05_23_1.bmp,0.16188,5.73171
i05_23_2.bmp,0.12692,5.575
i05_23_3.bmp,0.16089,5.63415
i05_23_4.bmp,0.16098,5.7561
i05_23_5.bmp,0.17605,5.43902
i05_24_1.bmp,0.14572,5.525
i05_24_2.bmp,0.17547,5.60976
i05_24_3.bmp,0.16279,5.2
i05_24_4.bmp,0.13776,3.95122
i05_24_5.bmp,0.12378,2.60976
I06_01_1.bmp,0.17684,5.75676
i06_01_2.bmp,0.15957,5.16667
i06_01_3.bmp,0.14548,5.02703
i06_01_4.bmp,0.11967,4.31429
i06_01_5.bmp,0.11966,3.61111
i06_02_1.bmp,0.2041,6.16216
i06_02_2.bmp,0.17572,5.78378
i06_02_3.bmp,0.16033,5.45946
i06_02_4.bmp,0.11453,4.83333
i06_02_5.bmp,0.13765,4.38889
i06_03_1.bmp,0.12653,4.58333
i06_03_2.bmp,0.10647,4.05714
i06_03_3.bmp,0.12099,3.47222
i06_03_4.bmp,0.10073,2.94595
i06_03_5.bmp,0.08333,2.5
i06_04_1.bmp,0.17786,5.83333
i06_04_2.bmp,0.17635,5.86111
i06_04_3.bmp,0.17489,5.69444
i06_04_4.bmp,0.18081,5.08108
i06_04_5.bmp,0.15897,4.58333
i06_05_1.bmp,0.15469,5.91892
i06_05_2.bmp,0.12501,5.71429
i06_05_3.bmp,0.15519,4.97297
i06_05_4.bmp,0.09464,4.02857
i06_05_5.bmp,0.11432,2.94595
i06_06_1.bmp,0.15849,4.61111
i06_06_2.bmp,0.16329,4.38889
i06_06_3.bmp,0.13095,3.77778
i06_06_4.bmp,0.12099,3.52778
i06_06_5.bmp,0.0932,3.05405
i06_07_1.bmp,0.17538,5.32432
i06_07_2.bmp,0.11264,5.11429
i06_07_3.bmp,0.14534,4.40541
i06_07_4.bmp,0.10799,3.14286
i06_07_5.bmp,0.11967,2.68571
i06_08_1.bmp,0.13151,5.18919
i06_08_2.bmp,0.12653,4.58333
i06_08_3.bmp,0.08448,3.48571
i06_08_4.bmp,0.09256,2.7027
i06_08_5.bmp,0.085,2.05405
i06_09_1.bmp,0.1707,6.05405
i06_09_2.bmp,0.16732,5.86486
i06_09_3.bmp,0.1333,4.86486
i06_09_4.bmp,0.10393,3
i06_09_5.bmp,0.08983,1.65714
i06_10_1.bmp,0.15532,5.83784
i06_10_2.bmp,0.12179,5.62857
i06_10_3.bmp,0.13574,5.42857
i06_10_4.bmp,0.13521,3.16216
i06_10_5.bmp,0.09711,1.77778
I06_11_1.BMP,0.13015,5.54054
i06_11_2.bmp,0.15123,5.19444
i06_11_3.bmp,0.12108,4.5
i06_11_4.bmp,0.11064,3.08108
i06_11_5.bmp,0.11081,0.75676
i06_12_1.bmp,0.16737,5.86111
i06_12_2.bmp,0.15404,4.75
i06_12_3.bmp,0.14411,4.35135
i06_12_4.bmp,0.12832,3.62857
i06_12_5.bmp,0.15532,3.83784
I06_13_1.BMP,0.1483,4.67568
i06_13_2.bmp,0.12445,4.82857
i06_13_3.bmp,0.09464,4.17143
i06_13_4.bmp,0.12922,3.19444
i06_13_5.bmp,0.10014,2.7027
i06_14_1.bmp,0.14569,6
i06_14_2.bmp,0.16216,6
i06_14_3.bmp,0.16206,4.77143
i06_14_4.bmp,0.16197,4.33333
i06_14_5.bmp,0.15123,4.30556
i06_15_1.bmp,0.19621,3.62162
i06_15_2.bmp,0.16684,3.32432
i06_15_3.bmp,0.18582,3.75
i06_15_4.bmp,0.17706,4.40541
i06_15_5.bmp,0.18634,4.83333
i06_16_1.bmp,0.18545,5.56757
i06_16_2.bmp,0.15404,6.25
i06_16_3.bmp,0.14894,5.08333
i06_16_4.bmp,0.20765,5.83784
i06_16_5.bmp,0.17635,4.13889
i06_17_1.bmp,0.15438,5.55556
i06_17_2.bmp,0.16826,6.08108
i06_17_3.bmp,0.14134,4.05556
i06_17_4.bmp,0.29978,5.83784
i06_17_5.bmp,0.1448,3.37838
i06_18_1.bmp,0.11986,5.2
i06_18_2.bmp,0.17635,4.36111
i06_18_3.bmp,0.12897,3.88889
i06_18_4.bmp,0.16506,3.72973
i06_18_5.bmp,0.17572,3.78378
i06_19_1.bmp,0.14164,5.33333
i06_19_2.bmp,0.16057,5.27027
i06_19_3.bmp,0.16192,4.94595
i06_19_4.bmp,0.16111,4.19444
i06_19_5.bmp,0.11117,3.59459
i06_20_1.bmp,0.14844,5.61111
i06_20_2.bmp,0.16486,5.27778
i06_20_3.bmp,0.14023,5.59459
i06_20_4.bmp,0.16637,4.94595
i06_20_5.bmp,0.11772,3.97297
i06_21_1.bmp,0.17459,5.7027
i06_21_2.bmp,0.13482,5.11111
i06_21_3.bmp,0.11118,4.71429
i06_21_4.bmp,0.13119,3.63889
i06_21_5.bmp,0.10985,2.80556
i06_22_1.bmp,0.1627,5.63889
i06_22_2.bmp,0.15521,5.27778
i06_22_3.bmp,0.14051,4.16216
i06_22_4.bmp,0.1117,3.56757
i06_22_5.bmp,0.14548,2.97297
i06_23_1.bmp,0.15842,5.91429
i06_23_2.bmp,0.14065,5.80556
i06_23_3.bmp,0.20245,5.67568
i06_23_4.bmp,0.20245,5.32432
i06_23_5.bmp,0.08023,2.34286
i06_24_1.bmp,0.17728,5.83784
i06_24_2.bmp,0.16061,5.8
i06_24_3.bmp,0.15684,4.81081
i06_24_4.bmp,0.09467,3.21622
i06_24_5.bmp,0.12897,0.88889
I07_01_1.bmp,0.11928,5.68182
i07_01_2.bmp,0.11507,5.09091
i07_01_3.bmp,0.12008,4.8
i07_01_4.bmp,0.11343,4.45455
i07_01_5.bmp,0.09214,3.97619
i07_02_1.bmp,0.14386,6.04444
i07_02_2.bmp,0.13481,5.86364
i07_02_3.bmp,0.12865,5.55814
i07_02_4.bmp,0.10827,5.23256
i07_02_5.bmp,0.12235,4.75556
i07_03_1.bmp,0.10135,4.93333
i07_03_2.bmp,0.09569,4.22727
i07_03_3.bmp,0.09635,3.73333
i07_03_4.bmp,0.09335,3.31111
i07_03_5.bmp,0.10611,2.73333
i07_04_1.bmp,0.14264,5.86667
i07_04_2.bmp,0.13333,6
i07_04_3.bmp,0.17635,5.42222
i07_04_4.bmp,0.08415,4.95122
i07_04_5.bmp,0.1211,4.2093
i07_05_1.bmp,0.17201,6.04444
i07_05_2.bmp,0.1651,5.8
i07_05_3.bmp,0.10632,5.15909
i07_05_4.bmp,0.08902,4.27907
i07_05_5.bmp,0.08365,3.31818
i07_06_1.bmp,0.13434,4.83333
i07_06_2.bmp,0.13336,4.61364
i07_06_3.bmp,0.09612,4.15909
i07_06_4.bmp,0.11644,3.75
i07_06_5.bmp,0.10048,3.31818
i07_07_1.bmp,0.11964,5.5814
i07_07_2.bmp,0.10774,5.19048
i07_07_3.bmp,0.11487,4.31818
i07_07_4.bmp,0.1188,3.62222
i07_07_5.bmp,0.10364,2.83721
i07_08_1.bmp,0.15277,5.86364
i07_08_2.bmp,0.12413,5.53333
i07_08_3.bmp,0.13251,4.5814
i07_08_4.bmp,0.12761,3.42222
i07_08_5.bmp,0.08559,2.63636
i07_09_1.bmp,0.12761,6.42222
i07_09_2.bmp,0.14568,6.02222
i07_09_3.bmp,0.13199,5.22727
i07_09_4.bmp,0.10651,3.97674
i07_09_5.bmp,0.10232,2.46667
i07_10_1.bmp,0.1651,6.13333
i07_10_2.bmp,0.15487,5.88636
i07_10_3.bmp,0.10141,5.04545
i07_10_4.bmp,0.09414,3.70455
i07_10_5.bmp,0.10094,2.22727
I07_11_1.BMP,0.12027,5.48837
i07_11_2.bmp,0.09749,4.51111
i07_11_3.bmp,0.08742,3.43182
i07_11_4.bmp,0.11106,2.42222
i07_11_5.bmp,0.10409,0.97727
i07_12_1.bmp,0.16371,5.34091
i07_12_2.bmp,0.13002,4.72727
i07_12_3.bmp,0.10704,3.53333
i07_12_4.bmp,0.09421,2.86364
i07_12_5.bmp,0.10243,2.51111
I07_13_1.BMP,0.11964,4.5814
i07_13_2.bmp,0.08742,4.06818
i07_13_3.bmp,0.07371,3.37209
i07_13_4.bmp,0.08108,2.72727
i07_13_5.bmp,0.10714,2.51111
i07_14_1.bmp,0.12686,5.79545
i07_14_2.bmp,0.14354,6.15909
i07_14_3.bmp,0.12686,5.70455
i07_14_4.bmp,0.13292,5.22222
i07_14_5.bmp,0.12686,4.20455
i07_15_1.bmp,0.13671,3.63636
i07_15_2.bmp,0.18492,3.28889
i07_15_3.bmp,0.15731,3.04545
i07_15_4.bmp,0.1699,3.34091
i07_15_5.bmp,0.15733,3.65116
i07_16_1.bmp,0.14222,6.20455
i07_16_2.bmp,0.11805,6.34884
i07_16_3.bmp,0.13481,5.93333
i07_16_4.bmp,0.17542,5.35556
i07_16_5.bmp,0.13358,4.81818
i07_17_1.bmp,0.1222,5.54545
i07_17_2.bmp,0.19219,6.4
i07_17_3.bmp,0.12168,4.40476
i07_17_4.bmp,0.2092,6.72727
i07_17_5.bmp,0.14709,3.34091
i07_18_1.bmp,0.10273,5.38636
i07_18_2.bmp,0.13234,4.95455
i07_18_3.bmp,0.11456,4.37778
i07_18_4.bmp,0.11405,3.86364
i07_18_5.bmp,0.17035,3.63636
i07_19_1.bmp,0.12413,5.86667
i07_19_2.bmp,0.13898,5.44444
i07_19_3.bmp,0.1159,4.8
i07_19_4.bmp,0.10273,4.11364
i07_19_5.bmp,0.08849,3.70455
i07_20_1.bmp,0.1072,5.75
i07_20_2.bmp,0.13513,5.42222
i07_20_3.bmp,0.10521,4.4186
i07_20_4.bmp,0.11017,3.62222
i07_20_5.bmp,0.07639,2.93023
i07_21_1.bmp,0.1663,5.66667
i07_21_2.bmp,0.13619,4.95455
i07_21_3.bmp,0.10987,4.11111
i07_21_4.bmp,0.09213,3.38636
i07_21_5.bmp,0.09139,2.32558
i07_22_1.bmp,0.15524,5.93333
i07_22_2.bmp,0.11315,5.23256
i07_22_3.bmp,0.08629,4.65116
i07_22_4.bmp,0.05399,4.14286
i07_22_5.bmp,0.13989,2.65909
i07_23_1.bmp,0.15231,6.02222
i07_23_2.bmp,0.14538,5.73333
i07_23_3.bmp,0.15382,5.04444
i07_23_4.bmp,0.12549,4.2093
i07_23_5.bmp,0.11399,2.64444
i07_24_1.bmp,0.10043,5.72093
i07_24_2.bmp,0.13842,4.93333
i07_24_3.bmp,0.09954,3.86364
i07_24_4.bmp,0.11644,2.25
i07_24_5.bmp,0.0841,0.47619
I08_01_1.bmp,0.15697,5.54839
i08_01_2.bmp,0.13832,4.70968
i08_01_3.bmp,0.17128,4.83871
i08_01_4.bmp,0.10904,4.1
i08_01_5.bmp,0.1193,3.54839
i08_02_1.bmp,0.16453,5.59375
i08_02_2.bmp,0.15697,5.54839
i08_02_3.bmp,0.19695,5.40625
i08_02_4.bmp,0.13463,5.22581
i08_02_5.bmp,0.11674,4.64516
i08_03_1.bmp,0.14097,4.64516
i08_03_2.bmp,0.08152,4.29032
i08_03_3.bmp,0.09108,3.46667
i08_03_4.bmp,0.1035,2.96875
i08_03_5.bmp,0.12191,2.34375
i08_04_1.bmp,0.1763,6.06452
i08_04_2.bmp,0.20451,5.83871
i08_04_3.bmp,0.21986,5.625
i08_04_4.bmp,0.14616,5.4375
i08_04_5.bmp,0.18522,4.96774
i08_05_1.bmp,0.12766,5.33333
i08_05_2.bmp,0.16346,5.45161
i08_05_3.bmp,0.1343,4.71875
i08_05_4.bmp,0.1248,3.96774
i08_05_5.bmp,0.10597,3.125
i08_06_1.bmp,0.14192,4.3871
i08_06_2.bmp,0.18413,4.09375
i08_06_3.bmp,0.12413,3.93333
i08_06_4.bmp,0.14192,3.6129
i08_06_5.bmp,0.12014,3.06452
i08_07_1.bmp,0.19764,5.5
i08_07_2.bmp,0.18558,4.64516
i08_07_3.bmp,0.16387,4.16667
i08_07_4.bmp,0.1193,3.45161
i08_07_5.bmp,0.13438,2.3871
i08_08_1.bmp,0.16378,5.21875
i08_08_2.bmp,0.13154,4.59375
i08_08_3.bmp,0.115,3.90323
i08_08_4.bmp,0.12693,2.87097
i08_08_5.bmp,0.14049,1.96774
i08_09_1.bmp,0.17187,5.70968
i08_09_2.bmp,0.20131,5.875
i08_09_3.bmp,0.23997,5.03125
i08_09_4.bmp,0.13975,3.5
i08_09_5.bmp,0.18222,1.75
i08_10_1.bmp,0.20137,5.96774
i08_10_2.bmp,0.15219,5.59375
i08_10_3.bmp,0.12837,4.6875
i08_10_4.bmp,0.13789,3.21875
i08_10_5.bmp,0.18011,1.34375
I08_11_1.BMP,0.16448,6
i08_11_2.bmp,0.17116,5.25
i08_11_3.bmp,0.13891,4.56667
i08_11_4.bmp,0.12426,4.19355
i08_11_5.bmp,0.12413,2.26667
i08_12_1.bmp,0.21601,6.19355
i08_12_2.bmp,0.12877,5.74194
i08_12_3.bmp,0.17116,5.5
i08_12_4.bmp,0.19484,4.8125
i08_12_5.bmp,0.23799,4.25
I08_13_1.BMP,0.16964,5.78125
i08_13_2.bmp,0.11483,3.26667
i08_13_3.bmp,0.20237,4.3871
i08_13_4.bmp,0.12413,2.73333
i08_13_5.bmp,0.17539,2.125
i08_14_1.bmp,0.16304,5.65625
i08_14_2.bmp,0.16499,5.4375
i08_14_3.bmp,0.21755,4.87097
i08_14_4.bmp,0.19264,4.75
i08_14_5.bmp,0.25388,4
i08_15_1.bmp,0.17497,3.77419
i08_15_2.bmp,0.20369,2.93548
i08_15_3.bmp,0.1988,3.28125
i08_15_4.bmp,0.15586,3.6875
i08_15_5.bmp,0.15718,3.51613
i08_16_1.bmp,0.21622,6.0625
i08_16_2.bmp,0.18222,5.75
i08_16_3.bmp,0.23146,5.87097
i08_16_4.bmp,0.16035,4.90323
i08_16_5.bmp,0.19823,4.56667
i08_17_1.bmp,0.15219,5.40625
i08_17_2.bmp,0.18684,5.58065
i08_17_3.bmp,0.17918,4.1875
i08_17_4.bmp,0.21366,5.06452
i08_17_5.bmp,0.18792,3.25806
i08_18_1.bmp,0.15934,4.25
i08_18_2.bmp,0.14403,3.74194
i08_18_3.bmp,0.17643,2.9375
i08_18_4.bmp,0.16001,2.84375
i08_18_5.bmp,0.28026,2.87097
i08_19_1.bmp,0.1863,5.3871
i08_19_2.bmp,0.12014,4.93548
i08_19_3.bmp,0.14278,4.6875
i08_19_4.bmp,0.13288,4.03226
i08_19_5.bmp,0.10698,3.59375
i08_20_1.bmp,0.19216,5.87097
i08_20_2.bmp,0.16752,5.96774
i08_20_3.bmp,0.13278,5.26667
i08_20_4.bmp,0.1449,4.625
i08_20_5.bmp,0.14278,3.8125
i08_21_1.bmp,0.17918,5.6875
i08_21_2.bmp,0.12851,4.93548
i08_21_3.bmp,0.10396,4.29032
i08_21_4.bmp,0.12426,3.80645
i08_21_5.bmp,0.10588,2.67742
i08_22_1.bmp,0.17477,5.6129
i08_22_2.bmp,0.1193,5.45161
i08_22_3.bmp,0.18863,4.16129
i08_22_4.bmp,0.1164,3.0625
i08_22_5.bmp,0.138,2.375
i08_23_1.bmp,0.17951,6.03226
i08_23_2.bmp,0.17128,6.16129
i08_23_3.bmp,0.13212,5.67742
i08_23_4.bmp,0.12247,5.5
i08_23_5.bmp,0.21166,5.4375
i08_24_1.bmp,0.18774,5.93548
i08_24_2.bmp,0.18611,5.78125
i08_24_3.bmp,0.18358,5.29032
i08_24_4.bmp,0.1248,3.96774
i08_24_5.bmp,0.16388,2.625
I09_01_1.bmp,0.16497,5.36364
i09_01_2.bmp,0.09882,5
i09_01_3.bmp,0.12921,4.54545
i09_01_4.bmp,0.0966,4.03226
i09_01_5.bmp,0.10337,3.63636
i09_02_1.bmp,0.16463,5.87879
i09_02_2.bmp,0.174,6.0303
i09_02_3.bmp,0.15269,5.5625
i09_02_4.bmp,0.10597,4.875
i09_02_5.bmp,0.1219,4.54545
i09_03_1.bmp,0.11289,4.60606
i09_03_2.bmp,0.11145,4.09375
i09_03_3.bmp,0.14523,3.69697
i09_03_4.bmp,0.10825,3.25
i09_03_5.bmp,0.09347,2.87879
i09_04_1.bmp,0.12042,5.74194
i09_04_2.bmp,0.10698,5.59375
i09_04_3.bmp,0.14192,5.3871
i09_04_4.bmp,0.09555,4.67742
i09_04_5.bmp,0.1305,4.27273
i09_05_1.bmp,0.13637,5.93548
i09_05_2.bmp,0.13258,5.5
i09_05_3.bmp,0.1209,4.96875
i09_05_4.bmp,0.12394,4.09091
i09_05_5.bmp,0.10698,3.59375
i09_06_1.bmp,0.14479,5.21875
i09_06_2.bmp,0.13577,4.3125
i09_06_3.bmp,0.10299,4.16129
i09_06_4.bmp,0.10305,3.8125
i09_06_5.bmp,0.10467,3.34375
i09_07_1.bmp,0.17012,4.87879
i09_07_2.bmp,0.11693,4.75
i09_07_3.bmp,0.16284,4.12903
i09_07_4.bmp,0.13324,3.66667
i09_07_5.bmp,0.12236,2.70968
i09_08_1.bmp,0.16973,5.875
i09_08_2.bmp,0.14233,5.24242
i09_08_3.bmp,0.15058,4.34375
i09_08_4.bmp,0.1492,3.48485
i09_08_5.bmp,0.1449,2.375
i09_09_1.bmp,0.14902,6.54545
i09_09_2.bmp,0.16798,6.09091
i09_09_3.bmp,0.1492,5.15152
i09_09_4.bmp,0.10231,3.90625
i09_09_5.bmp,0.087,2.51515
i09_10_1.bmp,0.15934,6
i09_10_2.bmp,0.18011,5.65625
i09_10_3.bmp,0.11145,4.90625
i09_10_4.bmp,0.0959,3.19355
i09_10_5.bmp,0.09488,2.34375
I09_11_1.BMP,0.19941,5.90625
i09_11_2.bmp,0.14052,5.15625
i09_11_3.bmp,0.11254,3.96875
i09_11_4.bmp,0.09742,2.40625
i09_11_5.bmp,0.10283,0.87879
i09_12_1.bmp,0.17109,6.06061
i09_12_2.bmp,0.16153,5.90625
i09_12_3.bmp,0.1352,4.90625
i09_12_4.bmp,0.1035,2.96875
i09_12_5.bmp,0.0999,2.84375
I09_13_1.BMP,0.11436,4.51515
i09_13_2.bmp,0.099,3.77419
i09_13_3.bmp,0.13324,3.33333
i09_13_4.bmp,0.12461,2.81818
i09_13_5.bmp,0.11936,2.87879
i09_14_1.bmp,0.17179,5.84375
i09_14_2.bmp,0.17732,5.48485
i09_14_3.bmp,0.14813,6.28125
i09_14_4.bmp,0.15896,4.4375
i09_14_5.bmp,0.12837,3.3125
i09_15_1.bmp,0.16242,2.90909
i09_15_2.bmp,0.16,3.06061
i09_15_3.bmp,0.13258,3.25
i09_15_4.bmp,0.13154,3.59375
i09_15_5.bmp,0.20156,5.84848
i09_16_1.bmp,0.18151,6.06061
i09_16_2.bmp,0.15142,6.30303
i09_16_3.bmp,0.14658,5.75
i09_16_4.bmp,0.18449,5.90323
i09_16_5.bmp,0.13324,4.66667
i09_17_1.bmp,0.18455,5.8125
i09_17_2.bmp,0.18059,6.78788
i09_17_3.bmp,0.11469,4.78125
i09_17_4.bmp,0.22193,6.36364
i09_17_5.bmp,0.14174,3.60606
i09_18_1.bmp,0.17384,4.81818
i09_18_2.bmp,0.15737,4.30303
i09_18_3.bmp,0.16408,4.06452
i09_18_4.bmp,0.15586,3.3125
i09_18_5.bmp,0.166,3.15625
i09_19_1.bmp,0.13258,5.5
i09_19_2.bmp,0.10588,4.67742
i09_19_3.bmp,0.08976,4.51613
i09_19_4.bmp,0.12451,4.0625
i09_19_5.bmp,0.12943,3.48485
i09_20_1.bmp,0.13577,5.8125
i09_20_2.bmp,0.17495,5.66667
i09_20_3.bmp,0.13258,4.5
i09_20_4.bmp,0.10811,3.90909
i09_20_5.bmp,0.10811,2.90909
i09_21_1.bmp,0.14389,5.27273
i09_21_2.bmp,0.12053,4.8125
i09_21_3.bmp,0.10825,4.25
i09_21_4.bmp,0.08839,3.5
i09_21_5.bmp,0.06606,2.16129
i09_22_1.bmp,0.12682,5.71875
i09_22_2.bmp,0.17543,5.78788
i09_22_3.bmp,0.125,5.5
i09_22_4.bmp,0.11989,4.09375
i09_22_5.bmp,0.14813,2.71875
i09_23_1.bmp,0.13975,6.25
i09_23_2.bmp,0.14138,6.28125
i09_23_3.bmp,0.1631,6.0303
i09_23_4.bmp,0.12837,4.8125
i09_23_5.bmp,0.10597,2.875
i09_24_1.bmp,0.13258,5.75
i09_24_2.bmp,0.16153,5.09375
i09_24_3.bmp,0.11693,3.75
i09_24_4.bmp,0.10913,2.0303
i09_24_5.bmp,0.0746,0.24242
I10_01_1.bmp,0.1402,5.71795
i10_01_2.bmp,0.14575,5.43243
i10_01_3.bmp,0.11304,4.74359
i10_01_4.bmp,0.11942,4.53846
i10_01_5.bmp,0.11683,3.81579
i10_02_1.bmp,0.14777,6.05405
i10_02_2.bmp,0.16884,5.83784
i10_02_3.bmp,0.15997,5.76923
i10_02_4.bmp,0.13282,5.52632
i10_02_5.bmp,0.13045,4.72973
i10_03_1.bmp,0.10774,5.05405
i10_03_2.bmp,0.11217,4.36111
i10_03_3.bmp,0.09236,4.02564
i10_03_4.bmp,0.09699,3.30769
i10_03_5.bmp,0.09854,2.92308
i10_04_1.bmp,0.14678,6.07692
i10_04_2.bmp,0.14581,5.11111
i10_04_3.bmp,0.16019,5.15789
i10_04_4.bmp,0.15997,4.76923
i10_04_5.bmp,0.1379,4.23077
i10_05_1.bmp,0.13543,6.05128
i10_05_2.bmp,0.19921,5.79487
i10_05_3.bmp,0.16165,5.17949
i10_05_4.bmp,0.12082,4.39474
i10_05_5.bmp,0.09324,3.34211
i10_06_1.bmp,0.12635,5.15789
i10_06_2.bmp,0.13359,4.64865
i10_06_3.bmp,0.13741,4.57895
i10_06_4.bmp,0.1021,3.84211
i10_06_5.bmp,0.11756,3.40541
i10_07_1.bmp,0.12441,5.54054
i10_07_2.bmp,0.08494,5.02564
i10_07_3.bmp,0.11378,4.46154
i10_07_4.bmp,0.12892,4
i10_07_5.bmp,0.09809,3.05263
i10_08_1.bmp,0.10183,5.97368
i10_08_2.bmp,0.14116,5.30769
i10_08_3.bmp,0.12217,4.35135
i10_08_4.bmp,0.08924,3.5
i10_08_5.bmp,0.11262,2.78947
i10_09_1.bmp,0.18307,5.97436
i10_09_2.bmp,0.12642,5.69231
i10_09_3.bmp,0.16165,5.17949
i10_09_4.bmp,0.12262,3.81579
i10_09_5.bmp,0.07206,2.28205
i10_10_1.bmp,0.17524,5.86842
i10_10_2.bmp,0.15726,5.81579
i10_10_3.bmp,0.13164,5.20513
i10_10_4.bmp,0.12814,3.64103
i10_10_5.bmp,0.10754,2.4359
I10_11_1.BMP,0.15186,5.15385
i10_11_2.bmp,0.13493,4.46154
i10_11_3.bmp,0.11244,3.61538
i10_11_4.bmp,0.09005,2.18421
i10_11_5.bmp,0.0944,1.23684
i10_12_1.bmp,0.15997,4.76923
i10_12_2.bmp,0.15129,5.84211
i10_12_3.bmp,0.15119,4.92308
i10_12_4.bmp,0.13899,4.05263
i10_12_5.bmp,0.1123,2.68421
I10_13_1.BMP,0.1496,5.78947
i10_13_2.bmp,0.11991,3.92105
i10_13_3.bmp,0.09584,3.42105
i10_13_4.bmp,0.13473,2.68421
i10_13_5.bmp,0.08729,2.89744
i10_14_1.bmp,0.14895,5.82051
i10_14_2.bmp,0.15186,6.15385
i10_14_3.bmp,0.10976,5.55263
i10_14_4.bmp,0.14629,4.27027
i10_14_5.bmp,0.13687,3.84211
i10_15_1.bmp,0.10774,3.07895
i10_15_2.bmp,0.1379,3.23077
i10_15_3.bmp,0.14329,3.61538
i10_15_4.bmp,0.14615,3.36842
i10_15_5.bmp,0.15753,4.17949
i10_16_1.bmp,0.18196,6.12821
i10_16_2.bmp,0.2108,6.10256
i10_16_3.bmp,0.20984,6.02564
i10_16_4.bmp,0.1649,5.57895
i10_16_5.bmp,0.20248,5.12821
i10_17_1.bmp,0.11714,5.71053
i10_17_2.bmp,0.21672,6.58974
i10_17_3.bmp,0.11806,4.56757
i10_17_4.bmp,0.21996,6.5641
i10_17_5.bmp,0.19241,3.69231
i10_18_1.bmp,0.14447,4.51282
i10_18_2.bmp,0.15119,4.07692
i10_18_3.bmp,0.1301,3.82051
i10_18_4.bmp,0.14133,3.63158
i10_18_5.bmp,0.12402,3.31579
i10_19_1.bmp,0.14714,5.57895
i10_19_2.bmp,0.15177,5.42105
i10_19_3.bmp,0.10847,4.67568
i10_19_4.bmp,0.09467,4.21622
i10_19_5.bmp,0.10371,3.87179
i10_20_1.bmp,0.16029,5.84615
i10_20_2.bmp,0.1338,5.38462
i10_20_3.bmp,0.12971,4.4359
i10_20_4.bmp,0.10934,3.57895
i10_20_5.bmp,0.1092,2.86486
i10_21_1.bmp,0.14293,5.5
i10_21_2.bmp,0.1533,5.17949
i10_21_3.bmp,0.12413,4.25641
i10_21_4.bmp,0.12276,3.76923
i10_21_5.bmp,0.10801,2.51282
i10_22_1.bmp,0.16429,5.97368
i10_22_2.bmp,0.15461,4.87179
i10_22_3.bmp,0.11856,4.48649
i10_22_4.bmp,0.10748,4.02778
i10_22_5.bmp,0.12932,3.25641
i10_23_1.bmp,0.13826,6.15385
i10_23_2.bmp,0.16196,5.94872
i10_23_3.bmp,0.12728,4.55263
i10_23_4.bmp,0.09517,2.60526
i10_23_5.bmp,0.08066,1.44737
i10_24_1.bmp,0.14435,5.46154
i10_24_2.bmp,0.135,4.78947
i10_24_3.bmp,0.13984,3.51282
i10_24_4.bmp,0.10229,1.86486
i10_24_5.bmp,0.10138,0.36842
I11_01_1.bmp,0.18566,5.54054
i11_01_2.bmp,0.12969,5.16216
i11_01_3.bmp,0.19193,5.35135
i11_01_4.bmp,0.13138,4.28571
i11_01_5.bmp,0.11217,3.86111
i11_02_1.bmp,0.1493,5.55556
i11_02_2.bmp,0.1444,5.88571
i11_02_3.bmp,0.14404,5.44444
i11_02_4.bmp,0.11666,5.19444
i11_02_5.bmp,0.13249,4.75
i11_03_1.bmp,0.10811,5
i11_03_2.bmp,0.11806,4.43243
i11_03_3.bmp,0.08558,3.82857
i11_03_4.bmp,0.09856,3.27027
i11_03_5.bmp,0.09108,2.91667
i11_04_1.bmp,0.11936,5.47059
i11_04_2.bmp,0.19621,5.62162
i11_04_3.bmp,0.14326,5.28571
i11_04_4.bmp,0.1231,5.19444
i11_04_5.bmp,0.16684,4.67568
i11_05_1.bmp,0.16434,6.02703
i11_05_2.bmp,0.17489,5.80556
i11_05_3.bmp,0.17459,5.2973
i11_05_4.bmp,0.14065,4.19444
i11_05_5.bmp,0.10352,3.05556
i11_06_1.bmp,0.1231,4.69444
i11_06_2.bmp,0.11966,4.38889
i11_06_3.bmp,0.12954,3.97297
i11_06_4.bmp,0.13015,3.54054
i11_06_5.bmp,0.11055,3.02857
i11_07_1.bmp,0.15545,5.56757
i11_07_2.bmp,0.11986,4.8
i11_07_3.bmp,0.10748,4.52778
i11_07_4.bmp,0.09246,3.94118
i11_07_5.bmp,0.09674,2.75676
i11_08_1.bmp,0.10647,4.94286
i11_08_2.bmp,0.13574,4.57143
i11_08_3.bmp,0.11722,3.75676
i11_08_4.bmp,0.10799,2.85714
i11_08_5.bmp,0.10393,2.33333
i11_09_1.bmp,0.17024,5.81081
i11_09_2.bmp,0.17994,5.86486
i11_09_3.bmp,0.13608,4.66667
i11_09_4.bmp,0.07857,3.33333
i11_09_5.bmp,0.07335,1.97222
i11_10_1.bmp,0.15211,5.81081
i11_10_2.bmp,0.13359,5.64865
i11_10_3.bmp,0.14426,5.02778
i11_10_4.bmp,0.1303,3.48649
i11_10_5.bmp,0.11873,2.27027
I11_11_1.BMP,0.18067,5.86111
i11_11_2.bmp,0.14728,5.42857
i11_11_3.bmp,0.13314,4.47222
i11_11_4.bmp,0.10199,2.91429
i11_11_5.bmp,0.09201,0.97222
i11_12_1.bmp,0.14844,5.61111
i11_12_2.bmp,0.19038,5.97222
i11_12_3.bmp,0.18861,4.62162
i11_12_4.bmp,0.11858,3.77778
i11_12_5.bmp,0.10005,2.02778
I11_13_1.BMP,0.12028,4.08333
i11_13_2.bmp,0.12441,4.54054
i11_13_3.bmp,0.10668,3.25
i11_13_4.bmp,0.09919,2.75
i11_13_5.bmp,0.10101,2.27778
i11_14_1.bmp,0.13322,5.83333
i11_14_2.bmp,0.14196,5.45714
i11_14_3.bmp,0.13166,5.2973
i11_14_4.bmp,0.14959,5.16667
i11_14_5.bmp,0.14314,4.38889
i11_15_1.bmp,0.11363,3.18919
i11_15_2.bmp,0.15849,3.38889
i11_15_3.bmp,0.13889,3.5
i11_15_4.bmp,0.1381,3.67568
i11_15_5.bmp,0.15957,3.5
i11_16_1.bmp,0.15659,6.10811
i11_16_2.bmp,0.21749,5.91892
i11_16_3.bmp,0.15625,5.69444
i11_16_4.bmp,0.15263,4.94595
i11_16_5.bmp,0.14575,4.56757
i11_17_1.bmp,0.18903,5.59459
i11_17_2.bmp,0.13819,6.75
i11_17_3.bmp,0.13964,4.34286
i11_17_4.bmp,0.23096,6.83784
i11_17_5.bmp,0.1487,3.21622
i11_18_1.bmp,0.1329,4.55556
i11_18_2.bmp,0.14629,4.27027
i11_18_3.bmp,0.13249,3.58333
i11_18_4.bmp,0.11904,3.44118
i11_18_5.bmp,0.11223,3.51351
i11_19_1.bmp,0.17186,5.64865
i11_19_2.bmp,0.17023,5.11111
i11_19_3.bmp,0.12801,4.64865
i11_19_4.bmp,0.1029,3.97143
i11_19_5.bmp,0.07973,3.62162
i11_20_1.bmp,0.13694,6.02857
i11_20_2.bmp,0.13492,5.59459
i11_20_3.bmp,0.15859,5.35135
i11_20_4.bmp,0.14042,4.88889
i11_20_5.bmp,0.11217,3.63889
i11_21_1.bmp,0.15224,5.7027
i11_21_2.bmp,0.14894,5.41667
i11_21_3.bmp,0.14534,4.40541
i11_21_4.bmp,0.13119,3.86111
i11_21_5.bmp,0.10956,2.64865
i11_22_1.bmp,0.11806,5.56757
i11_22_2.bmp,0.15971,5.40541
i11_22_3.bmp,0.16119,4.89189
i11_22_4.bmp,0.15859,3.64865
i11_22_5.bmp,0.12721,2.52778
i11_23_1.bmp,0.17163,5.86486
i11_23_2.bmp,0.17311,5.83784
i11_23_3.bmp,0.15734,5.94595
i11_23_4.bmp,0.19731,5.27027
i11_23_5.bmp,0.08886,2.75676
i11_24_1.bmp,0.22082,5.91892
i11_24_2.bmp,0.14426,5.47222
i11_24_3.bmp,0.13453,4.62857
i11_24_4.bmp,0.11264,2.88571
i11_24_5.bmp,0.11369,0.58333
I12_01_1.bmp,0.12054,5.94595
i12_01_2.bmp,0.10748,4.97222
i12_01_3.bmp,0.09235,4.78947
i12_01_4.bmp,0.08917,4.13889
i12_01_5.bmp,0.10808,3.76316
i12_02_1.bmp,0.13448,6.08108
i12_02_2.bmp,0.14037,5.97297
i12_02_3.bmp,0.14287,5.52632
i12_02_4.bmp,0.14388,5.05263
i12_02_5.bmp,0.10533,4.54054
i12_03_1.bmp,0.11806,4.56757
i12_03_2.bmp,0.11789,4.16216
i12_03_3.bmp,0.09674,3.75676
i12_03_4.bmp,0.11644,3.10526
i12_03_5.bmp,0.11108,2.71053
i12_04_1.bmp,0.17673,5.91892
i12_04_2.bmp,0.1275,5.52632
i12_04_3.bmp,0.16709,5.21053
i12_04_4.bmp,0.14232,4.7027
i12_04_5.bmp,0.10902,3.78378
i12_05_1.bmp,0.12801,5.64865
i12_05_2.bmp,0.15211,5.81081
i12_05_3.bmp,0.135,5.21053
i12_05_4.bmp,0.11604,4.35135
i12_05_5.bmp,0.10039,3.65789
i12_06_1.bmp,0.12313,5.08108
i12_06_2.bmp,0.15279,4.81579
i12_06_3.bmp,0.13015,4.45946
i12_06_4.bmp,0.12893,4.08108
i12_06_5.bmp,0.09919,3.75
i12_07_1.bmp,0.1231,4.69444
i12_07_2.bmp,0.12082,4.39474
i12_07_3.bmp,0.15279,4.18421
i12_07_4.bmp,0.09235,3.18919
i12_07_5.bmp,0.10748,3.02778
i12_08_1.bmp,0.1616,6.18421
i12_08_2.bmp,0.14287,5.47368
i12_08_3.bmp,0.13282,4.52632
i12_08_4.bmp,0.13179,3.60526
i12_08_5.bmp,0.09711,2.77778
i12_09_1.bmp,0.12948,6.31579
i12_09_2.bmp,0.13881,5.52778
i12_09_3.bmp,0.16512,4.73684
i12_09_4.bmp,0.08145,3.43243
i12_09_5.bmp,0.0842,2.25714
i12_10_1.bmp,0.11705,6.08108
i12_10_2.bmp,0.16556,5.89474
i12_10_3.bmp,0.15697,5.10526
i12_10_4.bmp,0.09697,3.10526
i12_10_5.bmp,0.10147,2.23684
I12_11_1.BMP,0.12939,5.40541
i12_11_2.bmp,0.14329,4.67568
i12_11_3.bmp,0.06929,2.77778
i12_11_4.bmp,0.09076,1.94737
i12_11_5.bmp,0.10431,0.81579
i12_12_1.bmp,0.11009,5.5
i12_12_2.bmp,0.14388,5.05263
i12_12_3.bmp,0.0953,3.64865
i12_12_4.bmp,0.10774,3.07895
i12_12_5.bmp,0.11705,3.08108
I12_13_1.BMP,0.12297,5.37838
i12_13_2.bmp,0.12985,4.56757
i12_13_3.bmp,0.08676,3.23684
i12_13_4.bmp,0.10015,2.83333
i12_13_5.bmp,0.12677,4
i12_14_1.bmp,0.13261,5.55263
i12_14_2.bmp,0.20896,6.15789
i12_14_3.bmp,0.12441,4.54054
i12_14_4.bmp,0.11,4.47368
i12_14_5.bmp,0.1117,3.56757
i12_15_1.bmp,0.12729,3.5
i12_15_2.bmp,0.13013,3.51429
i12_15_3.bmp,0.1356,3.65789
i12_15_4.bmp,0.15063,4.07895
i12_15_5.bmp,0.12995,4.54286
i12_16_1.bmp,0.17746,6.52632
i12_16_2.bmp,0.15697,6.2973
i12_16_3.bmp,0.17033,6.05263
i12_16_4.bmp,0.16091,6.11111
i12_16_5.bmp,0.18746,5.67568
i12_17_1.bmp,0.1849,6.26316
i12_17_2.bmp,0.17792,6.81579
i12_17_3.bmp,0.19429,4.81081
i12_17_4.bmp,0.22846,6.26316
i12_17_5.bmp,0.16002,4.02632
i12_18_1.bmp,0.1491,5.64865
i12_18_2.bmp,0.18417,5.35135
i12_18_3.bmp,0.16222,5
i12_18_4.bmp,0.14107,4.48649
i12_18_5.bmp,0.17036,4.2973
i12_19_1.bmp,0.12473,5.72973
i12_19_2.bmp,0.14107,5.51351
i12_19_3.bmp,0.10719,5.2973
i12_19_4.bmp,0.10466,4.71053
i12_19_5.bmp,0.10842,4.02632
i12_20_1.bmp,0.13249,5.58333
i12_20_2.bmp,0.12797,5.27778
i12_20_3.bmp,0.12985,4.43243
i12_20_4.bmp,0.10875,3.60526
i12_20_5.bmp,0.09477,2.80556
i12_21_1.bmp,0.16445,5.15789
i12_21_2.bmp,0.14777,4.94595
i12_21_3.bmp,0.07883,4.02632
i12_21_4.bmp,0.10005,3.02778
i12_21_5.bmp,0.08322,2
i12_22_1.bmp,0.09919,5.25
i12_22_2.bmp,0.10638,5.13158
i12_22_3.bmp,0.1117,4.56757
i12_22_4.bmp,0.12202,3.5
i12_22_5.bmp,0.11046,2.62162
i12_23_1.bmp,0.16637,6.05405
i12_23_2.bmp,0.16996,6.18421
i12_23_3.bmp,0.11033,4.89474
i12_23_4.bmp,0.08407,3.18919
i12_23_5.bmp,0.08452,2.21053
i12_24_1.bmp,0.16289,5.86486
i12_24_2.bmp,0.12878,4.37838
i12_24_3.bmp,0.10111,3.07895
i12_24_4.bmp,0.07883,1.97368
i12_24_5.bmp,0.08072,0.40541
I13_01_1.bmp,0.14467,5.53488
i13_01_2.bmp,0.12692,5.425
i13_01_3.bmp,0.14853,5.06977
i13_01_4.bmp,0.14545,4.7907
i13_01_5.bmp,0.14081,4.02381
i13_02_1.bmp,0.11899,5.30952
i13_02_2.bmp,0.13402,5.53659
i13_02_3.bmp,0.1612,5.62791
i13_02_4.bmp,0.16516,5.40476
i13_02_5.bmp,0.12448,4.66667
i13_03_1.bmp,0.15272,5.14286
i13_03_2.bmp,0.13633,5.07143
i13_03_3.bmp,0.13849,4.16667
i13_03_4.bmp,0.11984,3.66667
i13_03_5.bmp,0.12051,2.7619
i13_04_1.bmp,0.12917,5.73171
i13_04_2.bmp,0.13223,5.475
i13_04_3.bmp,0.1407,5.55814
i13_04_4.bmp,0.14242,5.43902
i13_04_5.bmp,0.17942,4.92857
i13_05_1.bmp,0.12963,5.35714
i13_05_2.bmp,0.17154,5.04762
i13_05_3.bmp,0.17518,5.51163
i13_05_4.bmp,0.12561,4.16667
i13_05_5.bmp,0.08787,3.09524
i13_06_1.bmp,0.12222,4.55
i13_06_2.bmp,0.13597,4.25581
i13_06_3.bmp,0.09323,3.66667
i13_06_4.bmp,0.11536,3.44186
i13_06_5.bmp,0.10546,3.09524
i13_07_1.bmp,0.13223,5.725
i13_07_2.bmp,0.13553,5.31707
i13_07_3.bmp,0.13393,4.64286
i13_07_4.bmp,0.10894,3.41463
i13_07_5.bmp,0.09696,2.82927
i13_08_1.bmp,0.15148,4.80952
i13_08_2.bmp,0.13864,3.95238
i13_08_3.bmp,0.09252,3.12195
i13_08_4.bmp,0.09993,2.5814
i13_08_5.bmp,0.11198,1.7381
i13_09_1.bmp,0.13532,5.07317
i13_09_2.bmp,0.16057,4.76744
i13_09_3.bmp,0.0945,3.18605
i13_09_4.bmp,0.08856,2.16667
i13_09_5.bmp,0.0983,0.4878
i13_10_1.bmp,0.17518,5.48837
i13_10_2.bmp,0.17511,5.46512
i13_10_3.bmp,0.11719,4.475
i13_10_4.bmp,0.13989,3.25581
i13_10_5.bmp,0.10873,1.16279
I13_11_1.BMP,0.18813,5.32558
i13_11_2.bmp,0.15328,5.32558
i13_11_3.bmp,0.13251,4.69048
i13_11_4.bmp,0.14665,4.34884
i13_11_5.bmp,0.11143,2.38095
i13_12_1.bmp,0.18264,5.23256
i13_12_2.bmp,0.17803,5.44186
i13_12_3.bmp,0.16837,5.11628
i13_12_4.bmp,0.14309,5.2619
i13_12_5.bmp,0.14267,5.04762
I13_13_1.BMP,0.13251,5.4186
i13_13_2.bmp,0.1663,4.92857
i13_13_3.bmp,0.16949,4.7907
i13_13_4.bmp,0.11312,3.63415
i13_13_5.bmp,0.1068,2.40476
i13_14_1.bmp,0.14215,5.64286
i13_14_2.bmp,0.16169,5.40476
i13_14_3.bmp,0.18461,5.7381
i13_14_4.bmp,0.15596,5.02326
i13_14_5.bmp,0.14081,3.97619
i13_15_1.bmp,0.14232,2.73171
i13_15_2.bmp,0.11014,2.87805
i13_15_3.bmp,0.12118,3.04762
i13_15_4.bmp,0.16198,3.57143
i13_15_5.bmp,0.15131,3.70732
i13_16_1.bmp,0.16815,5.60465
i13_16_2.bmp,0.18699,5.27907
i13_16_3.bmp,0.17939,5.43902
i13_16_4.bmp,0.1207,4.29268
i13_16_5.bmp,0.23326,4.44186
i13_17_1.bmp,0.13308,4.48837
i13_17_2.bmp,0.19464,6.62791
i13_17_3.bmp,0.12006,3.72093
i13_17_4.bmp,0.27785,6.48837
i13_17_5.bmp,0.11427,2.58537
i13_18_1.bmp,0.1032,3.95122
i13_18_2.bmp,0.11901,3.74419
i13_18_3.bmp,0.12404,3.14286
i13_18_4.bmp,0.09272,2.84615
i13_18_5.bmp,0.12448,2.73171
i13_19_1.bmp,0.13702,5.2439
i13_19_2.bmp,0.15452,5.2619
i13_19_3.bmp,0.15677,5.32558
i13_19_4.bmp,0.12009,4.5122
i13_19_5.bmp,0.14683,4.16279
i13_20_1.bmp,0.17001,5.67442
i13_20_2.bmp,0.1643,5.09524
i13_20_3.bmp,0.14769,5.52381
i13_20_4.bmp,0.13165,5.28571
i13_20_5.bmp,0.15717,5.23256
i13_21_1.bmp,0.17676,5.65116
i13_21_2.bmp,0.18505,5.54762
i13_21_3.bmp,0.15725,5.09524
i13_21_4.bmp,0.1554,4.72093
i13_21_5.bmp,0.12251,3.47619
i13_22_1.bmp,0.13529,5.42857
i13_22_2.bmp,0.15622,4.78049
i13_22_3.bmp,0.14519,3.97674
i13_22_4.bmp,0.14484,2.93023
i13_22_5.bmp,0.10521,2.4186
i13_23_1.bmp,0.20243,5.65116
i13_23_2.bmp,0.18933,5.39535
i13_23_3.bmp,0.1367,5.45
i13_23_4.bmp,0.16429,5.04651
i13_23_5.bmp,0.13383,5.2093
i13_24_1.bmp,0.18104,5.44186
i13_24_2.bmp,0.1438,5.19048
i13_24_3.bmp,0.12797,4.39535
i13_24_4.bmp,0.14177,3.86047
i13_24_5.bmp,0.09644,2.88095
I14_01_1.bmp,0.15185,5.89189
i14_01_2.bmp,0.13506,5.69444
i14_01_3.bmp,0.13095,4.77778
i14_01_4.bmp,0.11967,4.31429
i14_01_5.bmp,0.11369,3.75
i14_02_1.bmp,0.15519,5.97297
i14_02_2.bmp,0.15897,5.91667
i14_02_3.bmp,0.12832,5.77143
i14_02_4.bmp,0.11885,5.13889
i14_02_5.bmp,0.11444,4.52778
i14_03_1.bmp,0.1231,5.19444
i14_03_2.bmp,0.12409,4.43243
i14_03_3.bmp,0.12491,3.77778
i14_03_4.bmp,0.10668,3.08333
i14_03_5.bmp,0.11756,2.59459
i14_04_1.bmp,0.17836,6.02857
i14_04_2.bmp,0.15292,5.63889
i14_04_3.bmp,0.13322,5.5
i14_04_4.bmp,0.12083,4.65714
i14_04_5.bmp,0.10748,4.02778
i14_05_1.bmp,0.20916,6.05405
i14_05_2.bmp,0.13492,5.59459
i14_05_3.bmp,0.11444,4.97222
i14_05_4.bmp,0.15055,4.16216
i14_05_5.bmp,0.09735,3.02703
i14_06_1.bmp,0.13819,5.08333
i14_06_2.bmp,0.13029,4.33333
i14_06_3.bmp,0.10005,4.02778
i14_06_4.bmp,0.09711,3.77778
i14_06_5.bmp,0.11453,3.16667
i14_07_1.bmp,0.1395,5.72222
i14_07_2.bmp,0.15438,5.44444
i14_07_3.bmp,0.12179,4.27778
i14_07_4.bmp,0.11966,3.61111
i14_07_5.bmp,0.09653,2.91892
i14_08_1.bmp,0.16008,5.43243
i14_08_2.bmp,0.11416,4.55556
i14_08_3.bmp,0.11856,3.48649
i14_08_4.bmp,0.11152,2.83784
i14_08_5.bmp,0.13492,1.59459
i14_09_1.bmp,0.16637,6.05405
i14_09_2.bmp,0.19028,5.89189
i14_09_3.bmp,0.16434,4.5
i14_09_4.bmp,0.11955,2.89189
i14_09_5.bmp,0.09108,1.75
i14_10_1.bmp,0.14757,5.77778
i14_10_2.bmp,0.10758,5.16667
i14_10_3.bmp,0.14367,4.25
i14_10_4.bmp,0.11072,3.05556
i14_10_5.bmp,0.14247,1.86111
I14_11_1.BMP,0.173,5.97297
i14_11_2.bmp,0.12721,5.47222
i14_11_3.bmp,0.15002,4.24324
i14_11_4.bmp,0.09919,3.08333
i14_11_5.bmp,0.09537,1.28571
i14_12_1.bmp,0.16143,5.81081
i14_12_2.bmp,0.12397,5.64706
i14_12_3.bmp,0.12741,4.05714
i14_12_4.bmp,0.10229,4.13514
i14_12_5.bmp,0.13151,3.18919
I14_13_1.BMP,0.10458,5.02703
i14_13_2.bmp,0.14426,4.52778
i14_13_3.bmp,0.12878,3.62162
i14_13_4.bmp,0.09108,3.08333
i14_13_5.bmp,0.09108,1.91667
i14_14_1.bmp,0.16192,6.05405
i14_14_2.bmp,0.19439,5.7027
i14_14_3.bmp,0.16111,4.69444
i14_14_4.bmp,0.18215,4.16667
i14_14_5.bmp,0.13453,3.37143
i14_15_1.bmp,0.15263,2.94595
i14_15_2.bmp,0.14411,3.35135
i14_15_3.bmp,0.13942,3.52941
i14_15_4.bmp,0.1448,3.62162
i14_15_5.bmp,0.15041,3.97297
i14_16_1.bmp,0.12832,5.77143
i14_16_2.bmp,0.15519,5.97297
i14_16_3.bmp,0.14604,5.30556
i14_16_4.bmp,0.20795,5.17143
i14_16_5.bmp,0.14278,4.02857
i14_17_1.bmp,0.15971,5.40541
i14_17_2.bmp,0.20059,6.43243
i14_17_3.bmp,0.17635,4.13889
i14_17_4.bmp,0.26858,5.91892
i14_17_5.bmp,0.16837,3.24324
i14_18_1.bmp,0.14047,5.37143
i14_18_2.bmp,0.15788,5.13889
i14_18_3.bmp,0.14699,4.66667
i14_18_4.bmp,0.11108,4.14706
i14_18_5.bmp,0.20554,3.75
i14_19_1.bmp,0.13453,5.37143
i14_19_2.bmp,0.12897,5.11111
i14_19_3.bmp,0.12721,4.97222
i14_19_4.bmp,0.10199,3.91429
i14_19_5.bmp,0.08167,3.22857
i14_20_1.bmp,0.13386,5.72222
i14_20_2.bmp,0.19661,5.59459
i14_20_3.bmp,0.15404,5.41667
i14_20_4.bmp,0.12922,4.19444
i14_20_5.bmp,0.12473,3.27027
i14_21_1.bmp,0.17873,5.2973
i14_21_2.bmp,0.11453,5.16667
i14_21_3.bmp,0.13015,4.54054
i14_21_4.bmp,0.10668,3.75
i14_21_5.bmp,0.11604,2.64865
i14_22_1.bmp,0.18903,5.40541
i14_22_2.bmp,0.15165,5.37143
i14_22_3.bmp,0.12388,5.05556
i14_22_4.bmp,0.1177,3.97143
i14_22_5.bmp,0.12179,3.27778
i14_23_1.bmp,0.16427,6.02778
i14_23_2.bmp,0.18914,6.02703
i14_23_3.bmp,0.15849,5.61111
i14_23_4.bmp,0.15759,5
i14_23_5.bmp,0.11188,2.77778
i14_24_1.bmp,0.14384,6.13514
i14_24_2.bmp,0.10668,5.58333
i14_24_3.bmp,0.1329,4.44444
i14_24_4.bmp,0.13695,3.18919
i14_24_5.bmp,0.16386,0.91892
I15_01_1.bmp,0.15166,5.82222
i15_01_2.bmp,0.10364,5.06818
i15_01_3.bmp,0.09916,4.95556
i15_01_4.bmp,0.10043,4.27907
i15_01_5.bmp,0.09849,3.91111
i15_02_1.bmp,0.11948,6.09091
i15_02_2.bmp,0.12143,5.81818
i15_02_3.bmp,0.10704,5.63636
i15_02_4.bmp,0.08634,4.88636
i15_02_5.bmp,0.1021,4.63636
i15_03_1.bmp,0.09139,4.32558
i15_03_2.bmp,0.08226,3.81395
i15_03_3.bmp,0.07341,3.61364
i15_03_4.bmp,0.09048,3.17778
i15_03_5.bmp,0.07371,2.62791
i15_04_1.bmp,0.13051,6.02273
i15_04_2.bmp,0.14386,6.04444
i15_04_3.bmp,0.12275,5.83721
i15_04_4.bmp,0.14363,5.77778
i15_04_5.bmp,0.11358,4.97727
i15_05_1.bmp,0.10929,5.78571
i15_05_2.bmp,0.12688,5.65116
i15_05_3.bmp,0.11234,5.11364
i15_05_4.bmp,0.07467,4.06818
i15_05_5.bmp,0.08961,3.31818
i15_06_1.bmp,0.12612,4.43182
i15_06_2.bmp,0.12684,4.17778
i15_06_3.bmp,0.10651,3.97674
i15_06_4.bmp,0.08559,3.36364
i15_06_5.bmp,0.09048,3.17778
i15_07_1.bmp,0.10006,4.81395
i15_07_2.bmp,0.08944,3.93023
i15_07_3.bmp,0.09757,3.61364
i15_07_4.bmp,0.09335,2.91111
i15_07_5.bmp,0.07407,2.44444
i15_08_1.bmp,0.157,5.95556
i15_08_2.bmp,0.14194,6.06667
i15_08_3.bmp,0.12277,5.13636
i15_08_4.bmp,0.09314,3.93182
i15_08_5.bmp,0.09142,3.36364
i15_09_1.bmp,0.15564,5.93023
i15_09_2.bmp,0.13807,5.54545
i15_09_3.bmp,0.11644,4.69767
i15_09_4.bmp,0.09356,3.74419
i15_09_5.bmp,0.07538,2.5
i15_10_1.bmp,0.14703,5.77778
i15_10_2.bmp,0.09948,5.70455
i15_10_3.bmp,0.11504,4.6
i15_10_4.bmp,0.08485,3.17778
i15_10_5.bmp,0.08074,1.86667
I15_11_1.BMP,0.16911,5.84444
i15_11_2.bmp,0.12333,4.4
i15_11_3.bmp,0.07675,3.04878
i15_11_4.bmp,0.07027,2
i15_11_5.bmp,0.09803,0.65116
i15_12_1.bmp,0.14055,5.66667
i15_12_2.bmp,0.1173,5.40909
i15_12_3.bmp,0.12527,4.22222
i15_12_4.bmp,0.08074,3.2
i15_12_5.bmp,0.09314,2.56818
I15_13_1.BMP,0.13615,4.84091
i15_13_2.bmp,0.09777,3.76744
i15_13_3.bmp,0.07268,3.34884
i15_13_4.bmp,0.09421,2.86364
i15_13_5.bmp,0.08013,2.11364
i15_14_1.bmp,0.13756,5.59091
i15_14_2.bmp,0.13683,6.15556
i15_14_3.bmp,0.14386,5.95556
i15_14_4.bmp,0.0981,5.02381
i15_14_5.bmp,0.12273,3.79545
i15_15_1.bmp,0.14451,3.88636
i15_15_2.bmp,0.13051,4.02273
i15_15_3.bmp,0.13619,3.95455
i15_15_4.bmp,0.12691,4.13636
i15_15_5.bmp,0.16056,4.95455
i15_16_1.bmp,0.14681,6.22727
i15_16_2.bmp,0.1671,5.90698
i15_16_3.bmp,0.17635,5.42222
i15_16_4.bmp,0.17668,5.38636
i15_16_5.bmp,0.12943,4.02326
i15_17_1.bmp,0.13406,5.93182
i15_17_2.bmp,0.16924,6.66667
i15_17_3.bmp,0.12958,5
i15_17_4.bmp,0.22183,6.31111
i15_17_5.bmp,0.15166,3.82222
i15_18_1.bmp,0.12154,5.15556
i15_18_2.bmp,0.11034,4.81395
i15_18_3.bmp,0.10919,4.37209
i15_18_4.bmp,0.13567,4.09091
i15_18_5.bmp,0.16391,3.76744
i15_19_1.bmp,0.11049,5.90909
i15_19_2.bmp,0.12172,5.33333
i15_19_3.bmp,0.08272,4.72093
i15_19_4.bmp,0.08716,4.37209
i15_19_5.bmp,0.09335,3.91111
i15_20_1.bmp,0.12183,6.32558
i15_20_2.bmp,0.11824,5.64444
i15_20_3.bmp,0.11901,4.74419
i15_20_4.bmp,0.09216,3.13333
i15_20_5.bmp,0.10683,2.44444
i15_21_1.bmp,0.12802,5.22727
i15_21_2.bmp,0.12787,4.55556
i15_21_3.bmp,0.09335,3.91111
i15_21_4.bmp,0.07341,3.11364
i15_21_5.bmp,0.08407,2.30233
i15_22_1.bmp,0.17213,6.33333
i15_22_2.bmp,0.12804,5.8
i15_22_3.bmp,0.12119,5.38636
i15_22_4.bmp,0.10243,4.48889
i15_22_5.bmp,0.12017,3.71111
i15_23_1.bmp,0.15353,5.90909
i15_23_2.bmp,0.13181,5.90909
i15_23_3.bmp,0.15445,5.36364
i15_23_4.bmp,0.12649,4.47727
i15_23_5.bmp,0.08716,3.37209
i15_24_1.bmp,0.14325,5.77273
i15_24_2.bmp,0.10006,4.81395
i15_24_3.bmp,0.09569,3.22727
i15_24_4.bmp,0.08634,1.88636
i15_24_5.bmp,0.09295,0.72727
I16_01_1.bmp,0.10644,5.61538
i16_01_2.bmp,0.17157,5.65
i16_01_3.bmp,0.10842,5.02632
i16_01_4.bmp,0.10596,4.15385
i16_01_5.bmp,0.10848,3.94872
i16_02_1.bmp,0.1533,5.9
i16_02_2.bmp,0.20782,6.15
i16_02_3.bmp,0.13175,5.575
i16_02_4.bmp,0.12349,5.2
i16_02_5.bmp,0.09327,4.61538
i16_03_1.bmp,0.11872,4.74359
i16_03_2.bmp,0.08633,4.07895
i16_03_3.bmp,0.08995,3.69231
i16_03_4.bmp,0.0944,3.23684
i16_03_5.bmp,0.09014,2.79487
i16_04_1.bmp,0.14092,5.825
i16_04_2.bmp,0.11393,5.82051
i16_04_3.bmp,0.15712,5.75
i16_04_4.bmp,0.17078,5.12821
i16_04_5.bmp,0.1338,4.61538
i16_05_1.bmp,0.15083,5.8
i16_05_2.bmp,0.12359,5.61538
i16_05_3.bmp,0.11729,5.23077
i16_05_4.bmp,0.11484,4.35
i16_05_5.bmp,0.07929,3.39474
i16_06_1.bmp,0.11999,5.28205
i16_06_2.bmp,0.13984,4.82051
i16_06_3.bmp,0.07983,4.53846
i16_06_4.bmp,0.09479,3.97368
i16_06_5.bmp,0.09399,3.58974
i16_07_1.bmp,0.18367,5.475
i16_07_2.bmp,0.12624,4.75
i16_07_3.bmp,0.12525,4.35
i16_07_4.bmp,0.0982,3.66667
i16_07_5.bmp,0.10754,3.10256
i16_08_1.bmp,0.12494,5.82051
i16_08_2.bmp,0.13914,5.225
i16_08_3.bmp,0.12241,4.275
i16_08_4.bmp,0.09327,3.61538
i16_08_5.bmp,0.08936,2.925
i16_09_1.bmp,0.15164,6.02564
i16_09_2.bmp,0.16799,5.76923
i16_09_3.bmp,0.14376,4.58974
i16_09_4.bmp,0.08253,3.12821
i16_09_5.bmp,0.08549,2.34211
i16_10_1.bmp,0.16125,5.9
i16_10_2.bmp,0.16799,5.76923
i16_10_3.bmp,0.12932,5.25641
i16_10_4.bmp,0.09327,3.61538
i16_10_5.bmp,0.07983,2.46154
I16_11_1.BMP,0.14658,5.875
i16_11_2.bmp,0.14743,5.075
i16_11_3.bmp,0.09452,2.89744
i16_11_4.bmp,0.07406,2.075
i16_11_5.bmp,0.1412,0.95
i16_12_1.bmp,0.14658,5.875
i16_12_2.bmp,0.12692,5.575
i16_12_3.bmp,0.14312,4.925
i16_12_4.bmp,0.09559,3.28205
i16_12_5.bmp,0.11068,2.6
I16_13_1.BMP,0.13134,4.6
i16_13_2.bmp,0.10431,3.81579
i16_13_3.bmp,0.11942,4.46154
i16_13_4.bmp,0.08844,3.05128
i16_13_5.bmp,0.09803,3.625
i16_14_1.bmp,0.1379,5.76923
i16_14_2.bmp,0.13506,6.13158
i16_14_3.bmp,0.11244,5.61538
i16_14_4.bmp,0.13282,5.52632
i16_14_5.bmp,0.14092,4.575
i16_15_1.bmp,0.11304,3.41026
i16_15_2.bmp,0.12481,3.53846
i16_15_3.bmp,0.12241,3.475
i16_15_4.bmp,0.13486,3.65
i16_15_5.bmp,0.12052,4.02632
i16_16_1.bmp,0.13753,5.92308
i16_16_2.bmp,0.14572,6.275
i16_16_3.bmp,0.18272,5.68421
i16_16_4.bmp,0.22845,5.75
i16_16_5.bmp,0.14781,4.61538
i16_17_1.bmp,0.13642,5.825
i16_17_2.bmp,0.16882,7.1
i16_17_3.bmp,0.15309,4.75
i16_17_4.bmp,0.22514,6.65
i16_17_5.bmp,0.07681,3.35897
i16_18_1.bmp,0.13601,4.6
i16_18_2.bmp,0.11495,4.39474
i16_18_3.bmp,0.11152,4.05
i16_18_4.bmp,0.11685,3.92308
i16_18_5.bmp,0.09809,3.94737
i16_19_1.bmp,0.14529,5.575
i16_19_2.bmp,0.14443,5.375
i16_19_3.bmp,0.11244,4.61538
i16_19_4.bmp,0.08534,4.15385
i16_19_5.bmp,0.10468,3.66667
i16_20_1.bmp,0.13266,6.07692
i16_20_2.bmp,0.15688,5.74359
i16_20_3.bmp,0.12262,5.18421
i16_20_4.bmp,0.12839,4.125
i16_20_5.bmp,0.12932,3.58974
i16_21_1.bmp,0.1728,5.825
i16_21_2.bmp,0.13493,5.46154
i16_21_3.bmp,0.10707,4.25641
i16_21_4.bmp,0.09218,3.76923
i16_21_5.bmp,0.09272,1.84615
i16_22_1.bmp,0.1338,5.61538
i16_22_2.bmp,0.13486,5.35
i16_22_3.bmp,0.085,4.94595
i16_22_4.bmp,0.11463,3.97368
i16_22_5.bmp,0.09005,2.775
i16_23_1.bmp,0.14658,6.125
i16_23_2.bmp,0.13175,4.825
i16_23_3.bmp,0.07246,2.7
i16_23_4.bmp,0.09507,2.15789
i16_23_5.bmp,0.081,1.52632
i16_24_1.bmp,0.12014,5.36842
i16_24_2.bmp,0.09809,4.05263
i16_24_3.bmp,0.11169,2.64103
i16_24_4.bmp,0.05915,1.84211
i16_24_5.bmp,0.11743,0.97436
I17_01_1.bmp,0.09192,5.89189
i17_01_2.bmp,0.11861,5.21053
i17_01_3.bmp,0.12535,5.05128
i17_01_4.bmp,0.12359,4.38462
i17_01_5.bmp,0.09716,3.87179
i17_02_1.bmp,0.15712,5.75
i17_02_2.bmp,0.15,6
i17_02_3.bmp,0.16158,5.825
i17_02_4.bmp,0.13687,5.275
i17_02_5.bmp,0.10174,4.48718
i17_03_1.bmp,0.10183,4.97368
i17_03_2.bmp,0.10754,4.4359
i17_03_3.bmp,0.07135,3.82051
i17_03_4.bmp,0.11484,3.35
i17_03_5.bmp,0.08729,2.89744
i17_04_1.bmp,0.12276,5.76923
i17_04_2.bmp,0.10842,5.97368
i17_04_3.bmp,0.11657,5.33333
i17_04_4.bmp,0.13123,5.23684
i17_04_5.bmp,0.08873,4.73684
i17_05_1.bmp,0.14953,5.825
i17_05_2.bmp,0.15964,5.925
i17_05_3.bmp,0.11431,5.23684
i17_05_4.bmp,0.08004,4.17949
i17_05_5.bmp,0.09324,3.34211
i17_06_1.bmp,0.12584,4.23684
i17_06_2.bmp,0.13535,4.43243
i17_06_3.bmp,0.1118,4
i17_06_4.bmp,0.1412,3.55
i17_06_5.bmp,0.12642,3.30769
i17_07_1.bmp,0.11999,5.71795
i17_07_2.bmp,0.12497,4.65789
i17_07_3.bmp,0.10124,3.89744
i17_07_4.bmp,0.09716,3.20513
i17_07_5.bmp,0.081,2.47368
i17_08_1.bmp,0.11872,5.74359
i17_08_2.bmp,0.14356,5.225
i17_08_3.bmp,0.11666,4.575
i17_08_4.bmp,0.10223,3.71795
i17_08_5.bmp,0.08624,2.95
i17_09_1.bmp,0.15202,6.025
i17_09_2.bmp,0.16969,6.10526
i17_09_3.bmp,0.16003,5.025
i17_09_4.bmp,0.10174,3.82051
i17_09_5.bmp,0.08193,2.45946
i17_10_1.bmp,0.14481,6.05128
i17_10_2.bmp,0.14312,5.925
i17_10_3.bmp,0.11199,5.15385
i17_10_4.bmp,0.12692,3.425
i17_10_5.bmp,0.09843,2.25
I17_11_1.BMP,0.14411,5.5641
i17_11_2.bmp,0.17313,5.4359
i17_11_3.bmp,0.09272,3.84615
i17_11_4.bmp,0.11154,2.76923
i17_11_5.bmp,0.09674,1.025
i17_12_1.bmp,0.17025,5.875
i17_12_2.bmp,0.16372,5.92308
i17_12_3.bmp,0.13753,5.07692
i17_12_4.bmp,0.0961,3.925
i17_12_5.bmp,0.08004,2.48718
I17_13_1.BMP,0.13486,5.15
i17_13_2.bmp,0.13205,4.45
i17_13_3.bmp,0.07143,3.26316
i17_13_4.bmp,0.11117,2.425
i17_13_5.bmp,0.07825,2.36842
i17_14_1.bmp,0.13778,5.875
i17_14_2.bmp,0.13655,5.79487
i17_14_3.bmp,0.14287,5.52632
i17_14_4.bmp,0.12814,4.35897
i17_14_5.bmp,0.12741,3.525
i17_15_1.bmp,0.1766,3.55
i17_15_2.bmp,0.14827,3.41026
i17_15_3.bmp,0.14827,3.25641
i17_15_4.bmp,0.14003,3.625
i17_15_5.bmp,0.14142,4
i17_16_1.bmp,0.13411,5.925
i17_16_2.bmp,0.16389,6.025
i17_16_3.bmp,0.14714,5.57895
i17_16_4.bmp,0.16019,5.15789
i17_16_5.bmp,0.14895,4.17949
i17_17_1.bmp,0.11666,5.575
i17_17_2.bmp,0.17207,6.625
i17_17_3.bmp,0.10801,4.48718
i17_17_4.bmp,0.22305,7.1
i17_17_5.bmp,0.07825,3.36842
i17_18_1.bmp,0.13205,4.55
i17_18_2.bmp,0.13753,4.07692
i17_18_3.bmp,0.13164,4.12821
i17_18_4.bmp,0.14895,3.82051
i17_18_5.bmp,0.11438,3.71795
i17_19_1.bmp,0.12741,5.725
i17_19_2.bmp,0.12735,5.33333
i17_19_3.bmp,0.16403,4.76923
i17_19_4.bmp,0.10971,4.30769
i17_19_5.bmp,0.11109,3.92308
i17_20_1.bmp,0.18957,5.75
i17_20_2.bmp,0.15391,5.45
i17_20_3.bmp,0.1127,4.86842
i17_20_4.bmp,0.12577,4.36842
i17_20_5.bmp,0.10229,2.86486
i17_21_1.bmp,0.13175,5.425
i17_21_2.bmp,0.10987,4.79487
i17_21_3.bmp,0.13578,4.25
i17_21_4.bmp,0.10644,3.38462
i17_21_5.bmp,0.081,2.52632
i17_22_1.bmp,0.14356,5.975
i17_22_2.bmp,0.1288,5.61538
i17_22_3.bmp,0.12497,4.34211
i17_22_4.bmp,0.11304,3.58974
i17_22_5.bmp,0.09452,2.89744
i17_23_1.bmp,0.18303,5.9
i17_23_2.bmp,0.14916,5.9
i17_23_3.bmp,0.15721,4.5641
i17_23_4.bmp,0.10596,3.15385
i17_23_5.bmp,0.09854,1.92308
i17_24_1.bmp,0.1766,6.05
i17_24_2.bmp,0.18367,5.525
i17_24_3.bmp,0.10842,3.97368
i17_24_4.bmp,0.11169,2.02564
i17_24_5.bmp,0.09324,0.34211
I18_01_1.bmp,0.12366,5.69048
i18_01_2.bmp,0.13348,5.41463
i18_01_3.bmp,0.10338,4.85
i18_01_4.bmp,0.10961,4.46341
i18_01_5.bmp,0.1,4
i18_02_1.bmp,0.16525,5.95122
i18_02_2.bmp,0.15505,5.88095
i18_02_3.bmp,0.15081,5.7381
i18_02_4.bmp,0.10774,4.63415
i18_02_5.bmp,0.10221,4.2439
i18_03_1.bmp,0.13673,4.97619
i18_03_2.bmp,0.07866,4.55
i18_03_3.bmp,0.08947,3.7381
i18_03_4.bmp,0.09644,3.11905
i18_03_5.bmp,0.1269,2.54762
i18_04_1.bmp,0.1054,6.175
i18_04_2.bmp,0.17562,5.88095
i18_04_3.bmp,0.14713,5.87805
i18_04_4.bmp,0.13985,5.31707
i18_04_5.bmp,0.11235,4.34146
i18_05_1.bmp,0.12331,6.2439
i18_05_2.bmp,0.10278,5.60976
i18_05_3.bmp,0.10854,5.17073
i18_05_4.bmp,0.1,4
i18_05_5.bmp,0.09479,3.125
i18_06_1.bmp,0.1124,4.57143
i18_06_2.bmp,0.12016,4.15
i18_06_3.bmp,0.09059,3.80952
i18_06_4.bmp,0.10362,3.73171
i18_06_5.bmp,0.10473,3.19512
i18_07_1.bmp,0.13529,5.57143
i18_07_2.bmp,0.14828,4.92857
i18_07_3.bmp,0.13272,4.21429
i18_07_4.bmp,0.11693,3.40476
i18_07_5.bmp,0.09756,3
i18_08_1.bmp,0.11899,5.69048
i18_08_2.bmp,0.12725,4.65854
i18_08_3.bmp,0.10417,4.14286
i18_08_4.bmp,0.09495,3.04762
i18_08_5.bmp,0.08415,2.04878
i18_09_1.bmp,0.15613,6.02439
i18_09_2.bmp,0.15134,5.88095
i18_09_3.bmp,0.11693,4.2619
i18_09_4.bmp,0.10049,3.02439
i18_09_5.bmp,0.09904,1.70732
i18_10_1.bmp,0.14384,6.07317
i18_10_2.bmp,0.14841,5.78049
i18_10_3.bmp,0.11395,4.675
i18_10_4.bmp,0.10241,3.5
i18_10_5.bmp,0.09696,2.17073
I18_11_1.BMP,0.1551,5.80488
i18_11_2.bmp,0.12711,5.5
i18_11_3.bmp,0.13413,4.5122
i18_11_4.bmp,0.1032,3.07143
i18_11_5.bmp,0.1118,1
i18_12_1.bmp,0.18694,6.35714
i18_12_2.bmp,0.12793,5.36585
i18_12_3.bmp,0.15445,5.56098
i18_12_4.bmp,0.10833,4.925
i18_12_5.bmp,0.08868,2.65854
I18_13_1.BMP,0.10666,4.14634
i18_13_2.bmp,0.11577,4.35714
i18_13_3.bmp,0.09037,3.88095
i18_13_4.bmp,0.10235,2.90244
i18_13_5.bmp,0.07788,2.46341
i18_14_1.bmp,0.14201,4.95122
i18_14_2.bmp,0.14677,6
i18_14_3.bmp,0.12541,4.19512
i18_14_4.bmp,0.15764,4.16667
i18_14_5.bmp,0.11753,3.34146
i18_15_1.bmp,0.1314,3.21951
i18_15_2.bmp,0.13184,3.34146
i18_15_3.bmp,0.12845,3.2
i18_15_4.bmp,0.13687,3.525
i18_15_5.bmp,0.1302,3.95238
i18_16_1.bmp,0.13787,6.41463
i18_16_2.bmp,0.18118,5.95238
i18_16_3.bmp,0.16319,5.69048
i18_16_4.bmp,0.15411,5
i18_16_5.bmp,0.13912,4.25641
i18_17_1.bmp,0.16968,5.92857
i18_17_2.bmp,0.16107,6.09756
i18_17_3.bmp,0.14212,4.41463
i18_17_4.bmp,0.20705,5.90476
i18_17_5.bmp,0.15473,3.4878
i18_18_1.bmp,0.14424,5.02439
i18_18_2.bmp,0.11832,4.8
i18_18_3.bmp,0.12963,4.35714
i18_18_4.bmp,0.19458,4.07143
i18_18_5.bmp,0.21772,4.09524
i18_19_1.bmp,0.12404,5.14286
i18_19_2.bmp,0.14441,5.07143
i18_19_3.bmp,0.09143,4.375
i18_19_4.bmp,0.10092,3.85366
i18_19_5.bmp,0.08619,3.70732
i18_20_1.bmp,0.15764,6.16667
i18_20_2.bmp,0.10724,5.57143
i18_20_3.bmp,0.1325,5.36585
i18_20_4.bmp,0.12793,4.36585
i18_20_5.bmp,0.12936,3.325
i18_21_1.bmp,0.14769,5.52381
i18_21_2.bmp,0.12249,5.34146
i18_21_3.bmp,0.11294,4.5
i18_21_4.bmp,0.13067,3.2619
i18_21_5.bmp,0.08044,2.31707
i18_22_1.bmp,0.16248,5.71429
i18_22_2.bmp,0.11198,4.40476
i18_22_3.bmp,0.10597,3.68293
i18_22_4.bmp,0.08878,2.95238
i18_22_5.bmp,0.10468,2.33333
i18_23_1.bmp,0.13251,6.30952
i18_23_2.bmp,0.15148,6.19048
i18_23_3.bmp,0.14743,6.075
i18_23_4.bmp,0.14828,5.92857
i18_23_5.bmp,0.10607,4
i18_24_1.bmp,0.1535,5.90244
i18_24_2.bmp,0.12168,5.59524
i18_24_3.bmp,0.11427,4.58537
i18_24_4.bmp,0.12201,3.21951
i18_24_5.bmp,0.14081,1.02381
I19_01_1.bmp,0.16506,5.72973
i19_01_2.bmp,0.13121,5.10811
i19_01_3.bmp,0.11495,4.60526
i19_01_4.bmp,0.1092,4.13514
i19_01_5.bmp,0.08145,3.56757
i19_02_1.bmp,0.16386,6.08108
i19_02_2.bmp,0.15392,5.64865
i19_02_3.bmp,0.19914,5.57895
i19_02_4.bmp,0.11467,5
i19_02_5.bmp,0.14426,4.47222
i19_03_1.bmp,0.13029,4.66667
i19_03_2.bmp,0.085,4.05405
i19_03_3.bmp,0.108,3.63158
i19_03_4.bmp,0.11769,3
i19_03_5.bmp,0.081,2.52632
i19_04_1.bmp,0.15249,5.89474
i19_04_2.bmp,0.17906,5.94595
i19_04_3.bmp,0.16556,5.89474
i19_04_4.bmp,0.14507,5.24324
i19_04_5.bmp,0.1303,4.48649
i19_05_1.bmp,0.15563,5.97368
i19_05_2.bmp,0.138,5.5
i19_05_3.bmp,0.11399,5.07895
i19_05_4.bmp,0.09623,4
i19_05_5.bmp,0.11075,3.18421
i19_06_1.bmp,0.12165,4.73684
i19_06_2.bmp,0.12801,4.64865
i19_06_3.bmp,0.14966,3.86842
i19_06_4.bmp,0.11806,3.56757
i19_06_5.bmp,0.10701,3.18919
i19_07_1.bmp,0.11046,5.37838
i19_07_2.bmp,0.14329,4.67568
i19_07_3.bmp,0.10956,3.88889
i19_07_4.bmp,0.10259,3.19444
i19_07_5.bmp,0.11495,2.60526
i19_08_1.bmp,0.10268,5.35135
i19_08_2.bmp,0.12599,4.7027
i19_08_3.bmp,0.13123,3.76316
i19_08_4.bmp,0.11328,2.89189
i19_08_5.bmp,0.09856,2.27027
i19_09_1.bmp,0.15469,6.08108
i19_09_2.bmp,0.18152,5.89474
i19_09_3.bmp,0.15422,4.86842
i19_09_4.bmp,0.09084,3.27027
i19_09_5.bmp,0.10229,1.86486
i19_10_1.bmp,0.14739,5.73684
i19_10_2.bmp,0.11444,5.47222
i19_10_3.bmp,0.11217,4.86111
i19_10_4.bmp,0.10811,3
i19_10_5.bmp,0.15469,1.65789
I19_11_1.BMP,0.1851,5.52632
i19_11_2.bmp,0.11463,4.97368
i19_11_3.bmp,0.13794,4.52632
i19_11_4.bmp,0.11432,2.94595
i19_11_5.bmp,0.13123,1.23684
i19_12_1.bmp,0.16295,6.13158
i19_12_2.bmp,0.14534,5.59459
i19_12_3.bmp,0.1616,5.18421
i19_12_4.bmp,0.17254,5.08108
i19_12_5.bmp,0.14426,4.52778
I19_13_1.BMP,0.16241,4.67568
i19_13_2.bmp,0.11738,4.05263
i19_13_3.bmp,0.11046,3.62162
i19_13_4.bmp,0.10111,3.07895
i19_13_5.bmp,0.09809,1.94737
i19_14_1.bmp,0.13192,5.61111
i19_14_2.bmp,0.15111,6.02632
i19_14_3.bmp,0.12441,5.45946
i19_14_4.bmp,0.17209,4.92105
i19_14_5.bmp,0.17186,3.64865
i19_15_1.bmp,0.14042,2.88889
i19_15_2.bmp,0.16011,3.27778
i19_15_3.bmp,0.15583,3.51351
i19_15_4.bmp,0.13977,3.68421
i19_15_5.bmp,0.20793,3.54054
i19_16_1.bmp,0.16295,6.13158
i19_16_2.bmp,0.20277,6.26316
i19_16_3.bmp,0.16183,5.28947
i19_16_4.bmp,0.22492,5.84211
i19_16_5.bmp,0.14367,4.41667
i19_17_1.bmp,0.17746,5.47368
i19_17_2.bmp,0.16143,6.18919
i19_17_3.bmp,0.17323,4.43243
i19_17_4.bmp,0.23377,5.75676
i19_17_5.bmp,0.1356,3.34211
i19_18_1.bmp,0.15834,5.13514
i19_18_2.bmp,0.13765,4.38889
i19_18_3.bmp,0.16398,4.24324
i19_18_4.bmp,0.18481,4.08108
i19_18_5.bmp,0.20206,4.05405
i19_19_1.bmp,0.15094,5.54054
i19_19_2.bmp,0.12377,4.97297
i19_19_3.bmp,0.12696,4.55556
i19_19_4.bmp,0.10514,4.31429
i19_19_5.bmp,0.08282,3.55556
i19_20_1.bmp,0.14736,5.7027
i19_20_2.bmp,0.16605,5.71053
i19_20_3.bmp,0.14723,5.18919
i19_20_4.bmp,0.10506,4.13889
i19_20_5.bmp,0.10492,3.05263
i19_21_1.bmp,0.12939,5.40541
i19_21_2.bmp,0.13521,5.16216
i19_21_3.bmp,0.10382,4.08108
i19_21_4.bmp,0.10496,3.56757
i19_21_5.bmp,0.09108,2.25
i19_22_1.bmp,0.1849,5.73684
i19_22_2.bmp,0.1483,5.32432
i19_22_3.bmp,0.10061,4.4
i19_22_4.bmp,0.14388,3.94737
i19_22_5.bmp,0.12329,2.75676
i19_23_1.bmp,0.17524,5.86842
i19_23_2.bmp,0.19661,6.28947
i19_23_3.bmp,0.16398,5.75676
i19_23_4.bmp,0.18016,5.76316
i19_23_5.bmp,0.15822,5.21622
i19_24_1.bmp,0.15094,5.45946
i19_24_2.bmp,0.15697,4.7027
i19_24_3.bmp,0.12517,3.63889
i19_24_4.bmp,0.11009,2.5
i19_24_5.bmp,0.11858,0.77778
I20_01_1.bmp,0.1379,5.76923
i20_01_2.bmp,0.18084,5.51282
i20_01_3.bmp,0.10111,4.92105
i20_01_4.bmp,0.11914,4.4359
i20_01_5.bmp,0.09467,3.78378
i20_02_1.bmp,0.16861,5.84211
i20_02_2.bmp,0.15461,5.79487
i20_02_3.bmp,0.14615,5.51351
i20_02_4.bmp,0.12535,5.28205
i20_02_5.bmp,0.11956,4.48718
i20_03_1.bmp,0.162,4.94737
i20_03_2.bmp,0.12431,4.21053
i20_03_3.bmp,0.09235,3.81081
i20_03_4.bmp,0.10371,3.12821
i20_03_5.bmp,0.1304,2.65789
i20_04_1.bmp,0.13371,5.71053
i20_04_2.bmp,0.13282,5.47368
i20_04_3.bmp,0.16019,5.15789
i20_04_4.bmp,0.09856,4.72973
i20_04_5.bmp,0.10073,4.05405
i20_05_1.bmp,0.14646,6.02632
i20_05_2.bmp,0.15539,5.76316
i20_05_3.bmp,0.13694,5.39474
i20_05_4.bmp,0.14259,4.23077
i20_05_5.bmp,0.09401,2.92105
i20_06_1.bmp,0.15563,4.97368
i20_06_2.bmp,0.09744,4.13889
i20_06_3.bmp,0.09809,3.94737
i20_06_4.bmp,0.11914,3.4359
i20_06_5.bmp,0.10754,3.10256
i20_07_1.bmp,0.13543,5.28205
i20_07_2.bmp,0.09856,4.72973
i20_07_3.bmp,0.12195,4.47368
i20_07_4.bmp,0.12721,3.73684
i20_07_5.bmp,0.11999,3.28205
i20_08_1.bmp,0.14062,5.65789
i20_08_2.bmp,0.13166,5.2973
i20_08_3.bmp,0.12099,4.02778
i20_08_4.bmp,0.13227,3.42105
i20_08_5.bmp,0.11304,2.58974
i20_09_1.bmp,0.12721,6.26316
i20_09_2.bmp,0.15864,6.13158
i20_09_3.bmp,0.15097,5.33333
i20_09_4.bmp,0.09674,3.75676
i20_09_5.bmp,0.08661,2.21622
i20_10_1.bmp,0.12439,6.13158
i20_10_2.bmp,0.13767,5.73684
i20_10_3.bmp,0.10352,4.94444
i20_10_4.bmp,0.08009,3.57895
i20_10_5.bmp,0.10707,2.74359
I20_11_1.BMP,0.12135,5.57895
i20_11_2.bmp,0.13687,4.84211
i20_11_3.bmp,0.1117,3.43243
i20_11_4.bmp,0.09076,2.05263
i20_11_5.bmp,0.10707,0.74359
i20_12_1.bmp,0.17458,6.12821
i20_12_2.bmp,0.18545,5.30769
i20_12_3.bmp,0.11589,4.44737
i20_12_4.bmp,0.15264,4.25641
i20_12_5.bmp,0.09584,2.57895
I20_13_1.BMP,0.13826,5.15385
i20_13_2.bmp,0.135,3.78947
i20_13_3.bmp,0.11956,3.82051
i20_13_4.bmp,0.09192,2.89189
i20_13_5.bmp,0.09735,2.02703
i20_14_1.bmp,0.16002,6.02632
i20_14_2.bmp,0.17663,5.84211
i20_14_3.bmp,0.1773,4.55263
i20_14_4.bmp,0.18905,4.12821
i20_14_5.bmp,0.16401,3.36842
i20_15_1.bmp,0.1379,3.23077
i20_15_2.bmp,0.1356,3.34211
i20_15_3.bmp,0.1587,3.69231
i20_15_4.bmp,0.15721,3.89744
i20_15_5.bmp,0.18112,4.05128
i20_16_1.bmp,0.17371,6.05128
i20_16_2.bmp,0.15734,6.05405
i20_16_3.bmp,0.16861,5.40541
i20_16_4.bmp,0.1333,5.13514
i20_16_5.bmp,0.14929,4.71795
i20_17_1.bmp,0.15219,5.61538
i20_17_2.bmp,0.19971,6.33333
i20_17_3.bmp,0.1327,4.32432
i20_17_4.bmp,0.17458,5.87179
i20_17_5.bmp,0.18075,3.53846
i20_18_1.bmp,0.1338,5.61538
i20_18_2.bmp,0.15087,5.23684
i20_18_3.bmp,0.13289,4.5
i20_18_4.bmp,0.13867,4.13514
i20_18_5.bmp,0.16969,4.10526
i20_19_1.bmp,0.14895,5.82051
i20_19_2.bmp,0.16566,5.17949
i20_19_3.bmp,0.12655,4.79487
i20_19_4.bmp,0.14951,4
i20_19_5.bmp,0.11942,3.46154
i20_20_1.bmp,0.10867,6.15789
i20_20_2.bmp,0.12997,5.46154
i20_20_3.bmp,0.12431,4.78947
i20_20_4.bmp,0.1275,3.52632
i20_20_5.bmp,0.10223,2.71795
i20_21_1.bmp,0.16092,5.55263
i20_21_2.bmp,0.14621,4.76316
i20_21_3.bmp,0.10256,4
i20_21_4.bmp,0.08886,3.24324
i20_21_5.bmp,0.09584,2.57895
i20_22_1.bmp,0.16217,6
i20_22_2.bmp,0.14312,5.10526
i20_22_3.bmp,0.1275,4.52632
i20_22_4.bmp,0.09192,4.10811
i20_22_5.bmp,0.08241,3.72973
i20_23_1.bmp,0.1402,5.94872
i20_23_2.bmp,0.19432,6.25641
i20_23_3.bmp,0.18444,5.82051
i20_23_4.bmp,0.13045,4.72973
i20_23_5.bmp,0.13826,3.15385
i20_24_1.bmp,0.13853,6.18421
i20_24_2.bmp,0.17996,5.07895
i20_24_3.bmp,0.12985,3.43243
i20_24_4.bmp,0.11169,1.97436
i20_24_5.bmp,0.12635,0.84211
I21_01_1.bmp,0.10069,5.51163
i21_01_2.bmp,0.10081,5.06977
i21_01_3.bmp,0.12027,4.48837
i21_01_4.bmp,0.10303,3.90698
i21_01_5.bmp,0.11091,3.48837
i21_02_1.bmp,0.12705,5.80952
i21_02_2.bmp,0.12458,5.53488
i21_02_3.bmp,0.13279,5.44186
i21_02_4.bmp,0.10006,4.81395
i21_02_5.bmp,0.08329,4.15
i21_03_1.bmp,0.12367,4.39535
i21_03_2.bmp,0.07227,3.92683
i21_03_3.bmp,0.08856,3.16667
i21_03_4.bmp,0.10604,3.06977
i21_03_5.bmp,0.11536,2.55814
i21_04_1.bmp,0.14106,5.93023
i21_04_2.bmp,0.15939,6.02326
i21_04_3.bmp,0.12483,5.46341
i21_04_4.bmp,0.14548,5.33333
i21_04_5.bmp,0.10926,4.65
i21_05_1.bmp,0.13772,5.69767
i21_05_2.bmp,0.1464,5.90698
i21_05_3.bmp,0.12397,5.11628
i21_05_4.bmp,0.09155,3.92857
i21_05_5.bmp,0.09524,3
i21_06_1.bmp,0.11118,4.92683
i21_06_2.bmp,0.11143,4.38095
i21_06_3.bmp,0.09439,4.02439
i21_06_4.bmp,0.07906,3.5
i21_06_5.bmp,0.11641,3.04762
i21_07_1.bmp,0.11171,5.02439
i21_07_2.bmp,0.11699,4.45
i21_07_3.bmp,0.0819,4.16667
i21_07_4.bmp,0.1068,3.59524
i21_07_5.bmp,0.11624,3.16667
i21_08_1.bmp,0.11785,5.5
i21_08_2.bmp,0.12853,4.85714
i21_08_3.bmp,0.10509,4.11628
i21_08_4.bmp,0.11784,3.23256
i21_08_5.bmp,0.08658,2.16279
i21_09_1.bmp,0.12444,6.075
i21_09_2.bmp,0.12705,6.19048
i21_09_3.bmp,0.13673,5.30952
i21_09_4.bmp,0.086,3.76744
i21_09_5.bmp,0.09194,2.09302
i21_10_1.bmp,0.16663,6.30952
i21_10_2.bmp,0.13554,5.88095
i21_10_3.bmp,0.14177,5.13953
i21_10_4.bmp,0.1068,3.2619
i21_10_5.bmp,0.09377,1.92683
I21_11_1.BMP,0.11541,6.12195
i21_11_2.bmp,0.10977,5.39535
i21_11_3.bmp,0.10905,4.69048
i21_11_4.bmp,0.09756,3
i21_11_5.bmp,0.10885,1.04651
i21_12_1.bmp,0.1527,5.7907
i21_12_2.bmp,0.09777,4.76744
i21_12_3.bmp,0.1543,6
i21_12_4.bmp,0.13449,5.61905
i21_12_5.bmp,0.10372,2.02381
I21_13_1.BMP,0.1127,4.45238
i21_13_2.bmp,0.10372,3.69048
i21_13_3.bmp,0.09696,3.17073
i21_13_4.bmp,0.11805,2.34884
i21_13_5.bmp,0.11057,2.55814
i21_14_1.bmp,0.16383,5.90698
i21_14_2.bmp,0.15388,6.17073
i21_14_3.bmp,0.13864,5.95238
i21_14_4.bmp,0.13328,4.33333
i21_14_5.bmp,0.15385,3.65116
i21_15_1.bmp,0.14037,2.85366
i21_15_2.bmp,0.11961,3.26829
i21_15_3.bmp,0.11733,3.57143
i21_15_4.bmp,0.1421,3.7619
i21_15_5.bmp,0.16248,3.71429
i21_16_1.bmp,0.15112,6.12195
i21_16_2.bmp,0.15908,5.93023
i21_16_3.bmp,0.16248,5.71429
i21_16_4.bmp,0.14253,5.16667
i21_16_5.bmp,0.16352,4.67442
i21_17_1.bmp,0.11753,5.34146
i21_17_2.bmp,0.147,6.2619
i21_17_3.bmp,0.13393,4.35714
i21_17_4.bmp,0.26215,6.30233
i21_17_5.bmp,0.12222,3.55
i21_18_1.bmp,0.10948,4.85714
i21_18_2.bmp,0.12165,4.31707
i21_18_3.bmp,0.1127,4.11905
i21_18_4.bmp,0.15761,3.60976
i21_18_5.bmp,0.17345,3.78571
i21_19_1.bmp,0.13449,5.38095
i21_19_2.bmp,0.12549,4.7907
i21_19_3.bmp,0.1032,4.07143
i21_19_4.bmp,0.10001,3.64286
i21_19_5.bmp,0.10521,3.4186
i21_20_1.bmp,0.15202,5.975
i21_20_2.bmp,0.15328,5.67442
i21_20_3.bmp,0.12817,5.69048
i21_20_4.bmp,0.09981,4.88372
i21_20_5.bmp,0.10873,3.83721
i21_21_1.bmp,0.1108,5.53488
i21_21_2.bmp,0.16348,5.14286
i21_21_3.bmp,0.11413,4.30952
i21_21_4.bmp,0.09495,3.61905
i21_21_5.bmp,0.08466,2.73171
i21_22_1.bmp,0.12518,5.35714
i21_22_2.bmp,0.1398,5.47619
i21_22_3.bmp,0.13279,4.44186
i21_22_4.bmp,0.09316,3.37209
i21_22_5.bmp,0.10102,3
i21_23_1.bmp,0.17468,6.11628
i21_23_2.bmp,0.12513,5.90476
i21_23_3.bmp,0.15677,5.67442
i21_23_4.bmp,0.1536,5.2381
i21_23_5.bmp,0.09858,2.85714
i21_24_1.bmp,0.15499,5.88372
i21_24_2.bmp,0.12448,5.72093
i21_24_3.bmp,0.1,5
i21_24_4.bmp,0.08008,3.07317
i21_24_5.bmp,0.09664,0.52381
I22_01_1.bmp,0.19642,5.81579
i22_01_2.bmp,0.15539,5.23684
i22_01_3.bmp,0.15186,4.84615
i22_01_4.bmp,0.09507,4.15789
i22_01_5.bmp,0.09559,3.71795
i22_02_1.bmp,0.12082,5.60526
i22_02_2.bmp,0.14895,5.82051
i22_02_3.bmp,0.14764,5.47368
i22_02_4.bmp,0.11869,5.13158
i22_02_5.bmp,0.12135,4.57895
i22_03_1.bmp,0.15461,4.79487
i22_03_2.bmp,0.07696,4.34211
i22_03_3.bmp,0.0992,3.68421
i22_03_4.bmp,0.09854,3.07692
i22_03_5.bmp,0.07514,2.7027
i22_04_1.bmp,0.2034,5.76923
i22_04_2.bmp,0.16988,5.71795
i22_04_3.bmp,0.13468,5.4359
i22_04_4.bmp,0.15345,5
i22_04_5.bmp,0.15019,4.30769
i22_05_1.bmp,0.17124,5.86842
i22_05_2.bmp,0.16267,5.68421
i22_05_3.bmp,0.15461,4.87179
i22_05_4.bmp,0.12814,4.18421
i22_05_5.bmp,0.09005,3.18421
i22_06_1.bmp,0.10719,4.7027
i22_06_2.bmp,0.08886,4.24324
i22_06_3.bmp,0.12022,3.76316
i22_06_4.bmp,0.08145,3.56757
i22_06_5.bmp,0.08886,3.24324
i22_07_1.bmp,0.14376,5.58974
i22_07_2.bmp,0.1398,5.08108
i22_07_3.bmp,0.12693,4.57895
i22_07_4.bmp,0.13309,3.89474
i22_07_5.bmp,0.10707,2.74359
i22_08_1.bmp,0.12172,5.44737
i22_08_2.bmp,0.12014,4.63158
i22_08_3.bmp,0.1021,3.78378
i22_08_4.bmp,0.09716,3.12821
i22_08_5.bmp,0.11378,2.53846
i22_09_1.bmp,0.13826,5.84615
i22_09_2.bmp,0.14287,5.52632
i22_09_3.bmp,0.11688,4.62162
i22_09_4.bmp,0.12208,3.33333
i22_09_5.bmp,0.08067,2.05128
i22_10_1.bmp,0.14051,5.83784
i22_10_2.bmp,0.16899,5.58974
i22_10_3.bmp,0.11467,5
i22_10_4.bmp,0.13431,3.58974
i22_10_5.bmp,0.11399,2.07895
I22_11_1.BMP,0.16809,5.35897
i22_11_2.bmp,0.17342,5.51282
i22_11_3.bmp,0.12721,4.26316
i22_11_4.bmp,0.10138,2.63158
i22_11_5.bmp,0.09245,0.86842
i22_12_1.bmp,0.12721,5.26316
i22_12_2.bmp,0.16403,5.76923
i22_12_3.bmp,0.18389,5.74359
i22_12_4.bmp,0.14615,4.36842
i22_12_5.bmp,0.08676,2.76316
I22_13_1.BMP,0.16899,5.25641
i22_13_2.bmp,0.10754,4.4359
i22_13_3.bmp,0.09196,3.68421
i22_13_4.bmp,0.09716,2.87179
i22_13_5.bmp,0.11393,2.51282
i22_14_1.bmp,0.17186,5.76923
i22_14_2.bmp,0.13695,5.86111
i22_14_3.bmp,0.15087,5.76316
i22_14_4.bmp,0.11688,4.62162
i22_14_5.bmp,0.13948,4.10256
i22_15_1.bmp,0.10492,3.05263
i22_15_2.bmp,0.13667,3.02632
i22_15_3.bmp,0.11552,3.21622
i22_15_4.bmp,0.18436,3.39474
i22_15_5.bmp,0.11581,3.73684
i22_16_1.bmp,0.15834,5.86486
i22_16_2.bmp,0.19768,5.41026
i22_16_3.bmp,0.22631,6.05128
i22_16_4.bmp,0.14191,4.60526
i22_16_5.bmp,0.26329,5.25641
i22_17_1.bmp,0.15944,5.33333
i22_17_2.bmp,0.22057,6
i22_17_3.bmp,0.13671,4.22222
i22_17_4.bmp,0.25503,6.23077
i22_17_5.bmp,0.13966,3.37838
i22_18_1.bmp,0.16829,5.15385
i22_18_2.bmp,0.17498,4.68421
i22_18_3.bmp,0.18016,4.23684
i22_18_4.bmp,0.16823,3.76316
i22_18_5.bmp,0.17292,3.25
i22_19_1.bmp,0.15422,5.13158
i22_19_2.bmp,0.14496,5.13158
i22_19_3.bmp,0.16749,4.66667
i22_19_4.bmp,0.10113,4
i22_19_5.bmp,0.10074,3.58974
i22_20_1.bmp,0.13371,5.71053
i22_20_2.bmp,0.13767,5.73684
i22_20_3.bmp,0.11589,5.55263
i22_20_4.bmp,0.14861,4.89744
i22_20_5.bmp,0.10956,3.64865
i22_21_1.bmp,0.12693,5.57895
i22_21_2.bmp,0.11463,5.02632
i22_21_3.bmp,0.10707,4.65789
i22_21_4.bmp,0.10754,3.5641
i22_21_5.bmp,0.0943,2.63158
i22_22_1.bmp,0.14678,5.92308
i22_22_2.bmp,0.16313,5.35135
i22_22_3.bmp,0.17689,4.89744
i22_22_4.bmp,0.10325,4.44737
i22_22_5.bmp,0.11033,2.89474
i22_23_1.bmp,0.1381,6.32432
i22_23_2.bmp,0.1401,6.13158
i22_23_3.bmp,0.15416,5.21053
i22_23_4.bmp,0.14411,4.4359
i22_23_5.bmp,0.10754,2.10256
i22_24_1.bmp,0.16959,5.82051
i22_24_2.bmp,0.13741,5.42105
i22_24_3.bmp,0.12168,4.21622
i22_24_4.bmp,0.08671,2.25641
i22_24_5.bmp,0.0943,0.36842
I23_01_1.bmp,0.13863,5.68571
i23_01_2.bmp,0.0985,5.05714
i23_01_3.bmp,0.11051,4.76471
i23_01_4.bmp,0.09365,4.08571
i23_01_5.bmp,0.08634,3.73529
i23_02_1.bmp,0.1618,6.14706
i23_02_2.bmp,0.12213,5.84848
i23_02_3.bmp,0.14196,5.45714
i23_02_4.bmp,0.11055,5.02857
i23_02_5.bmp,0.09948,4.32353
i23_03_1.bmp,0.12489,4.61765
i23_03_2.bmp,0.1029,4.17143
i23_03_3.bmp,0.08515,3.55882
i23_03_4.bmp,0.09584,3.26471
i23_03_5.bmp,0.12283,2.67647
i23_04_1.bmp,0.14418,5.61765
i23_04_2.bmp,0.15498,5.64706
i23_04_3.bmp,0.17008,5.32353
i23_04_4.bmp,0.13007,4.79412
i23_04_5.bmp,0.13942,4.52941
i23_05_1.bmp,0.15088,6.05714
i23_05_2.bmp,0.1265,5.5
i23_05_3.bmp,0.10811,5.09091
i23_05_4.bmp,0.12631,4.31429
i23_05_5.bmp,0.10088,3.35294
i23_06_1.bmp,0.13163,4.61765
i23_06_2.bmp,0.12397,4.35294
i23_06_3.bmp,0.12116,4.02941
i23_06_4.bmp,0.13805,3.61765
i23_06_5.bmp,0.1284,3.29412
i23_07_1.bmp,0.1138,4.97059
i23_07_2.bmp,0.10603,3.84848
i23_07_3.bmp,0.12631,3.68571
i23_07_4.bmp,0.11904,3.44118
i23_07_5.bmp,0.10283,2.78788
i23_08_1.bmp,0.15088,5.94286
i23_08_2.bmp,0.1264,5.52941
i23_08_3.bmp,0.12968,4.67647
i23_08_4.bmp,0.12438,3.94118
i23_08_5.bmp,0.1149,2.77143
i23_09_1.bmp,0.15142,6.69697
i23_09_2.bmp,0.15088,6.05714
i23_09_3.bmp,0.14723,5.70588
i23_09_4.bmp,0.10447,4.26471
i23_09_5.bmp,0.10088,2.64706
i23_10_1.bmp,0.16896,5.97143
i23_10_2.bmp,0.1544,5.79412
i23_10_3.bmp,0.14697,5.02941
i23_10_4.bmp,0.08196,3.64706
i23_10_5.bmp,0.12256,2.4
I23_11_1.BMP,0.12995,5.25714
i23_11_2.bmp,0.11631,4.57143
i23_11_3.bmp,0.09079,3.11765
i23_11_4.bmp,0.09612,2.24242
i23_11_5.bmp,0.12106,0.82353
i23_12_1.bmp,0.10913,5.9697
i23_12_2.bmp,0.12351,5.74286
i23_12_3.bmp,0.10537,3.8
i23_12_4.bmp,0.08826,2.88571
i23_12_5.bmp,0.10015,1.85714
I23_13_1.BMP,0.12995,4.54286
i23_13_2.bmp,0.10603,4.15152
i23_13_3.bmp,0.08023,3.34286
i23_13_4.bmp,0.0856,2.47059
i23_13_5.bmp,0.11097,2.58824
i23_14_1.bmp,0.16841,6.08571
i23_14_2.bmp,0.13497,6.29412
i23_14_3.bmp,0.1712,5.05882
i23_14_4.bmp,0.18103,5.05882
i23_14_5.bmp,0.12256,3.6
i23_15_1.bmp,0.16134,2.94286
i23_15_2.bmp,0.18729,2.97143
i23_15_3.bmp,0.13608,3.25714
i23_15_4.bmp,0.1256,3.41176
i23_15_5.bmp,0.15694,3.62857
i23_16_1.bmp,0.13996,6.33333
i23_16_2.bmp,0.18288,5.82857
i23_16_3.bmp,0.13459,5.82353
i23_16_4.bmp,0.1388,5.2
i23_16_5.bmp,0.24435,5.71429
i23_17_1.bmp,0.10202,5.66667
i23_17_2.bmp,0.18428,6.8
i23_17_3.bmp,0.15901,4.82857
i23_17_4.bmp,0.28506,6.68571
i23_17_5.bmp,0.18492,3.88235
i23_18_1.bmp,0.17676,5.76471
i23_18_2.bmp,0.14338,5.64706
i23_18_3.bmp,0.11904,5.44118
i23_18_4.bmp,0.17586,5.05714
i23_18_5.bmp,0.18138,4.38235
i23_19_1.bmp,0.17413,5.71429
i23_19_2.bmp,0.12445,4.97143
i23_19_3.bmp,0.10201,4.61765
i23_19_4.bmp,0.11264,3.88571
i23_19_5.bmp,0.11631,3.42857
i23_20_1.bmp,0.16758,5.6
i23_20_2.bmp,0.1129,5.08824
i23_20_3.bmp,0.09227,4.09375
i23_20_4.bmp,0.10647,3.34286
i23_20_5.bmp,0.12741,2.65714
i23_21_1.bmp,0.12256,5.6
i23_21_2.bmp,0.1083,4.79412
i23_21_3.bmp,0.05681,4.12121
i23_21_4.bmp,0.08448,3.51429
i23_21_5.bmp,0.11097,2.41176
i23_22_1.bmp,0.128,6.17647
i23_22_2.bmp,0.16047,5.88571
i23_22_3.bmp,0.12116,5.02941
i23_22_4.bmp,0.13721,4.64706
i23_22_5.bmp,0.10189,4
i23_23_1.bmp,0.13198,6.30303
i23_23_2.bmp,0.14628,5.91176
i23_23_3.bmp,0.14278,5.17143
i23_23_4.bmp,0.12144,3.75758
i23_23_5.bmp,0.1069,3
i23_24_1.bmp,0.11862,5.85294
i23_24_2.bmp,0.10447,4.73529
i23_24_3.bmp,0.09037,3.67647
i23_24_4.bmp,0.08858,1.72727
i23_24_5.bmp,0.1114,0.78788
I24_01_1.bmp,0.11967,5.88571
i24_01_2.bmp,0.15186,5.05556
i24_01_3.bmp,0.1395,4.72222
i24_01_4.bmp,0.1153,4.14286
i24_01_5.bmp,0.11369,3.58333
i24_02_1.bmp,0.1593,6.44444
i24_02_2.bmp,0.17826,5.91176
i24_02_3.bmp,0.13695,5.13889
i24_02_4.bmp,0.10199,5.08571
i24_02_5.bmp,0.13314,4.52778
i24_03_1.bmp,0.1501,4.8
i24_03_2.bmp,0.13608,4.25714
i24_03_3.bmp,0.1029,3.82857
i24_03_4.bmp,0.10358,3.28571
i24_03_5.bmp,0.07677,2.69444
i24_04_1.bmp,0.18135,5.85714
i24_04_2.bmp,0.20601,5.83333
i24_04_3.bmp,0.13942,5.52941
i24_04_4.bmp,0.15466,5.16667
i24_04_5.bmp,0.13574,4.57143
i24_05_1.bmp,0.16111,5.80556
i24_05_2.bmp,0.14164,5.33333
i24_05_3.bmp,0.14779,5.13889
i24_05_4.bmp,0.09464,4.02857
i24_05_5.bmp,0.12653,3.25
i24_06_1.bmp,0.13076,4.64706
i24_06_2.bmp,0.12832,4.37143
i24_06_3.bmp,0.15379,3.97143
i24_06_4.bmp,0.13029,3.66667
i24_06_5.bmp,0.13138,3.28571
i24_07_1.bmp,0.13881,5.52778
i24_07_2.bmp,0.13574,4.57143
i24_07_3.bmp,0.13393,4.08824
i24_07_4.bmp,0.10514,2.88571
i24_07_5.bmp,0.1329,2.44444
i24_08_1.bmp,0.11749,5.94444
i24_08_2.bmp,0.13084,4.97143
i24_08_3.bmp,0.12741,4.05714
i24_08_4.bmp,0.09729,3.17647
i24_08_5.bmp,0.09314,2.61765
i24_09_1.bmp,0.14699,6
i24_09_2.bmp,0.13497,5.29412
i24_09_3.bmp,0.14952,4.52778
i24_09_4.bmp,0.12594,3.38889
i24_09_5.bmp,0.09035,2
i24_10_1.bmp,0.17967,5.88571
i24_10_2.bmp,0.12445,5.82857
i24_10_3.bmp,0.12083,4.65714
i24_10_4.bmp,0.1395,3.27778
i24_10_5.bmp,0.11862,1.85294
I24_11_1.BMP,0.12256,5.4
i24_11_2.bmp,0.10913,4.69697
i24_11_3.bmp,0.10593,4.02941
i24_11_4.bmp,0.1013,2.57143
i24_11_5.bmp,0.08217,0.91667
i24_12_1.bmp,0.1444,5.68571
i24_12_2.bmp,0.14775,6.08571
i24_12_3.bmp,0.12943,5.48485
i24_12_4.bmp,0.11453,3.5
i24_12_5.bmp,0.12653,2.58333
I24_13_1.BMP,0.10959,4.05882
i24_13_2.bmp,0.10176,3.74286
i24_13_3.bmp,0.10514,3.31429
i24_13_4.bmp,0.10956,2.88889
i24_13_5.bmp,0.08575,2.5
i24_14_1.bmp,0.1666,6
i24_14_2.bmp,0.15901,5.97143
i24_14_3.bmp,0.16632,5.34286
i24_14_4.bmp,0.1849,5.13889
i24_14_5.bmp,0.13119,4.63889
i24_15_1.bmp,0.16427,4.02778
i24_15_2.bmp,0.1468,4.4
i24_15_3.bmp,0.19282,3.88571
i24_15_4.bmp,0.17568,3.66667
i24_15_5.bmp,0.18953,3.38889
i24_16_1.bmp,0.14278,5.97143
i24_16_2.bmp,0.19156,6.11111
i24_16_3.bmp,0.21511,5.45714
i24_16_4.bmp,0.18953,5.61111
i24_16_5.bmp,0.24833,4.88571
i24_17_1.bmp,0.12653,5.75
i24_17_2.bmp,0.21331,6.47222
i24_17_3.bmp,0.14604,4.80556
i24_17_4.bmp,0.2682,6.72222
i24_17_5.bmp,0.16758,3.6
i24_18_1.bmp,0.15545,4.8
i24_18_2.bmp,0.13511,4.39394
i24_18_3.bmp,0.16828,3.91176
i24_18_4.bmp,0.1553,4.11429
i24_18_5.bmp,0.13656,3.79412
i24_19_1.bmp,0.12959,5.57143
i24_19_2.bmp,0.10581,5.17647
i24_19_3.bmp,0.10476,4.77778
i24_19_4.bmp,0.10496,4.08824
i24_19_5.bmp,0.1153,3.85714
i24_20_1.bmp,0.15724,6.14286
i24_20_2.bmp,0.14314,5.61111
i24_20_3.bmp,0.14278,5.17143
i24_20_4.bmp,0.13084,4.02857
i24_20_5.bmp,0.10199,3.51429
i24_21_1.bmp,0.17617,5.77778
i24_21_2.bmp,0.11055,4.82857
i24_21_3.bmp,0.10799,4.14286
i24_21_4.bmp,0.09744,3.36111
i24_21_5.bmp,0.09707,2.68571
i24_22_1.bmp,0.14617,5.77143
i24_22_2.bmp,0.1138,5.02941
i24_22_3.bmp,0.12489,4.61765
i24_22_4.bmp,0.13029,3.33333
i24_22_5.bmp,0.12351,2.74286
i24_23_1.bmp,0.1752,5.8
i24_23_2.bmp,0.19439,6.02778
i24_23_3.bmp,0.18415,5.68571
i24_23_4.bmp,0.14024,5.08824
i24_23_5.bmp,0.09781,2.29412
i24_24_1.bmp,0.1284,5.70588
i24_24_2.bmp,0.14537,5.34286
i24_24_3.bmp,0.15088,4.34286
i24_24_4.bmp,0.11671,2.74286
i24_24_5.bmp,0.12028,0.41667
I25_01_1.bmp,0.10799,5.14286
i25_01_2.bmp,0.09037,4.67647
i25_01_3.bmp,0.12905,4.4
i25_01_4.bmp,0.10514,3.88571
i25_01_5.bmp,0.1329,3.44444
i25_02_1.bmp,0.15303,5.54286
i25_02_2.bmp,0.1868,5.27778
i25_02_3.bmp,0.10668,5.25
i25_02_4.bmp,0.10949,4.45714
i25_02_5.bmp,0.09968,3.77143
i25_03_1.bmp,0.09897,4
i25_03_2.bmp,0.11369,3.58333
i25_03_3.bmp,0.12653,3.25
i25_03_4.bmp,0.11691,2.91429
i25_03_5.bmp,0.13249,2.41667
i25_04_1.bmp,0.12813,6.39394
i25_04_2.bmp,0.15466,6.16667
i25_04_3.bmp,0.18749,5.88889
i25_04_4.bmp,0.14959,5.5
i25_04_5.bmp,0.12519,5.23529
i25_05_1.bmp,0.14699,5.33333
i25_05_2.bmp,0.10176,5.25714
i25_05_3.bmp,0.10598,4.61111
i25_05_4.bmp,0.1153,3.85714
i25_05_5.bmp,0.11369,2.75
i25_06_1.bmp,0.15226,4.4
i25_06_2.bmp,0.12501,4.28571
i25_06_3.bmp,0.1284,3.70588
i25_06_4.bmp,0.14426,3.47222
i25_06_5.bmp,0.15459,3.02778
i25_07_1.bmp,0.11453,3.5
i25_07_2.bmp,0.15724,3.14286
i25_07_3.bmp,0.14523,3.0303
i25_07_4.bmp,0.14885,2.71429
i25_07_5.bmp,0.14196,2.74286
i25_08_1.bmp,0.13942,5.52941
i25_08_2.bmp,0.14134,5.05556
i25_08_3.bmp,0.13497,4.29412
i25_08_4.bmp,0.15823,3.17647
i25_08_5.bmp,0.16641,1.94444
i25_09_1.bmp,0.16434,5.83333
i25_09_2.bmp,0.1388,5.2
i25_09_3.bmp,0.12832,4.22857
i25_09_4.bmp,0.12314,3.11765
i25_09_5.bmp,0.13029,1.33333
i25_10_1.bmp,0.12868,5.85714
i25_10_2.bmp,0.13574,5.57143
i25_10_3.bmp,0.15827,4.25714
i25_10_4.bmp,0.11108,2.14706
i25_10_5.bmp,0.14426,1.47222
I25_11_1.BMP,0.18679,6.08571
i25_11_2.bmp,0.16737,5.86111
i25_11_3.bmp,0.14779,5.36111
i25_11_4.bmp,0.15459,4.97222
i25_11_5.bmp,0.15226,4.6
i25_12_1.bmp,0.14952,6.02778
i25_12_2.bmp,0.1501,5.8
i25_12_3.bmp,0.20601,4.83333
i25_12_4.bmp,0.1631,5.0303
i25_12_5.bmp,0.2357,4.66667
I25_13_1.BMP,0.13694,4.82857
i25_13_2.bmp,0.15945,5.71429
i25_13_3.bmp,0.07847,3.68571
i25_13_4.bmp,0.11631,4.57143
i25_13_5.bmp,0.12445,3.02857
i25_14_1.bmp,0.16938,5.71429
i25_14_2.bmp,0.15196,5.14286
i25_14_3.bmp,0.16306,5.08824
i25_14_4.bmp,0.20398,3.82857
i25_14_5.bmp,0.23167,3.11111
i25_15_1.bmp,0.2682,3.27778
i25_15_2.bmp,0.16,2.93939
i25_15_3.bmp,0.20595,3.52778
i25_15_4.bmp,0.16888,3.97059
i25_15_5.bmp,0.1673,4.14286
i25_16_1.bmp,0.15897,5.91667
i25_16_2.bmp,0.17732,6.41667
i25_16_3.bmp,0.16702,5.77143
i25_16_4.bmp,0.1593,5.55556
i25_16_5.bmp,0.1264,4.47059
i25_17_1.bmp,0.15849,5.61111
i25_17_2.bmp,0.1408,6.85714
i25_17_3.bmp,0.17319,4.48571
i25_17_4.bmp,0.23661,6.38889
i25_17_5.bmp,0.16938,3.28571
i25_18_1.bmp,0.20138,5.61111
i25_18_2.bmp,0.10959,5.05882
i25_18_3.bmp,0.14404,4.44444
i25_18_4.bmp,0.15713,4
i25_18_5.bmp,0.13619,2.67647
i25_19_1.bmp,0.14959,5.16667
i25_19_2.bmp,0.09537,4.28571
i25_19_3.bmp,0.10758,3.83333
i25_19_4.bmp,0.09093,3.79412
i25_19_5.bmp,0.0985,3.34286
i25_20_1.bmp,0.11557,5.67647
i25_20_2.bmp,0.13608,5.54286
i25_20_3.bmp,0.12122,5
i25_20_4.bmp,0.18628,4.97222
i25_20_5.bmp,0.17116,4.05714
i25_21_1.bmp,0.13084,5.17143
i25_21_2.bmp,0.0934,4.45714
i25_21_3.bmp,0.17967,4.88571
i25_21_4.bmp,0.1013,3.42857
i25_21_5.bmp,0.11691,2.91429
i25_22_1.bmp,0.17042,4.80556
i25_22_2.bmp,0.15404,4.25
i25_22_3.bmp,0.11601,3.79412
i25_22_4.bmp,0.12905,3.4
i25_22_5.bmp,0.13007,2.79412
i25_23_1.bmp,0.14065,6.30556
i25_23_2.bmp,0.16947,6.27778
i25_23_3.bmp,0.1177,6.17143
i25_23_4.bmp,0.1673,6.14286
i25_23_5.bmp,0.15901,5.97143
i25_24_1.bmp,0.13964,5.65714
i25_24_2.bmp,0.12696,5.44444
i25_24_3.bmp,0.14617,4.62857
i25_24_4.bmp,0.15459,4.02778
i25_24_5.bmp,0.14047,2.77143
